INFO  2026-05-03T11:00:23 +463ms service=default directory=/tmp/opencode-test-oedjxhbdpi creating instance
INFO  2026-05-03T11:00:23 +0ms service=project directory=/tmp/opencode-test-oedjxhbdpi fromDirectory
INFO  2026-05-03T11:00:23 +42ms service=default directory=/tmp/opencode-test-gcghzbjhnej creating instance
INFO  2026-05-03T11:00:23 +0ms service=project directory=/tmp/opencode-test-gcghzbjhnej fromDirectory
INFO  2026-05-03T11:00:23 +57ms service=default directory=/tmp/opencode-test-tt32q010su creating instance
INFO  2026-05-03T11:00:23 +0ms service=project directory=/tmp/opencode-test-tt32q010su fromDirectory
INFO  2026-05-03T11:00:23 +49ms service=default directory=/tmp/opencode-test-gci8n4y8397 creating instance
INFO  2026-05-03T11:00:23 +0ms service=project directory=/tmp/opencode-test-gci8n4y8397 fromDirectory
INFO  2026-05-03T11:00:23 +48ms service=default directory=/tmp/opencode-test-t42iomzz8ub creating instance
INFO  2026-05-03T11:00:23 +1ms service=project directory=/tmp/opencode-test-t42iomzz8ub fromDirectory
INFO  2026-05-03T11:00:23 +49ms service=default directory=/tmp/opencode-test-bn84zmpkkb creating instance
INFO  2026-05-03T11:00:23 +1ms service=project directory=/tmp/opencode-test-bn84zmpkkb fromDirectory
INFO  2026-05-03T11:00:23 +64ms service=default directory=/tmp/opencode-test-5h2qxpbk7d creating instance
INFO  2026-05-03T11:00:23 +1ms service=project directory=/tmp/opencode-test-5h2qxpbk7d fromDirectory
INFO  2026-05-03T11:00:23 +61ms service=default directory=/tmp/opencode-test-srpque51osa creating instance
INFO  2026-05-03T11:00:23 +0ms service=project directory=/tmp/opencode-test-srpque51osa fromDirectory
INFO  2026-05-03T11:00:23 +49ms service=default directory=/tmp/opencode-test-y9to6263u2n creating instance
INFO  2026-05-03T11:00:23 +0ms service=project directory=/tmp/opencode-test-y9to6263u2n fromDirectory
INFO  2026-05-03T11:00:23 +68ms service=default directory=/tmp/opencode-test-pbhx12k9gv creating instance
INFO  2026-05-03T11:00:23 +1ms service=project directory=/tmp/opencode-test-pbhx12k9gv fromDirectory
INFO  2026-05-03T11:00:23 +47ms service=default directory=/tmp/opencode-test-0gt2xrwvfl7a creating instance
INFO  2026-05-03T11:00:23 +0ms service=project directory=/tmp/opencode-test-0gt2xrwvfl7a fromDirectory
INFO  2026-05-03T11:00:23 +42ms service=default directory=/tmp/opencode-test-0wgr2ab34zjk creating instance
INFO  2026-05-03T11:00:23 +0ms service=project directory=/tmp/opencode-test-0wgr2ab34zjk fromDirectory
INFO  2026-05-03T11:00:23 +54ms service=default directory=/tmp/opencode-test-8a7s25jlvxr creating instance
INFO  2026-05-03T11:00:23 +0ms service=project directory=/tmp/opencode-test-8a7s25jlvxr fromDirectory
INFO  2026-05-03T11:00:23 +37ms service=default directory=/tmp/opencode-test-8dpkvx2cdau creating instance
INFO  2026-05-03T11:00:23 +0ms service=project directory=/tmp/opencode-test-8dpkvx2cdau fromDirectory
INFO  2026-05-03T11:00:23 +11ms service=tui.migrate path=/tmp/opencode-test-8dpkvx2cdau/opencode.json backup=/tmp/opencode-test-8dpkvx2cdau/opencode.json.tui-migration.bak stripped tui keys from server config
INFO  2026-05-03T11:00:23 +0ms service=tui.migrate from=/tmp/opencode-test-8dpkvx2cdau/opencode.json to=/tmp/opencode-test-8dpkvx2cdau/tui.json migrated tui config
INFO  2026-05-03T11:00:23 +16ms service=default directory=/tmp/opencode-test-r2jnyyzhrln creating instance
INFO  2026-05-03T11:00:23 +0ms service=project directory=/tmp/opencode-test-r2jnyyzhrln fromDirectory
INFO  2026-05-03T11:00:23 +20ms service=tui.migrate path=/tmp/opencode-test-r2jnyyzhrln/opencode.json backup=/tmp/opencode-test-r2jnyyzhrln/opencode.json.tui-migration.bak stripped tui keys from server config
INFO  2026-05-03T11:00:23 +1ms service=tui.migrate from=/tmp/opencode-test-r2jnyyzhrln/opencode.json to=/tmp/opencode-test-r2jnyyzhrln/tui.json migrated tui config
INFO  2026-05-03T11:00:23 +13ms service=default directory=/tmp/opencode-test-o2z8ofjiif creating instance
INFO  2026-05-03T11:00:23 +0ms service=project directory=/tmp/opencode-test-o2z8ofjiif fromDirectory
INFO  2026-05-03T11:00:23 +4ms service=tui.migrate path=/tmp/opencode-test-o2z8ofjiif/opencode.json backup=/tmp/opencode-test-o2z8ofjiif/opencode.json.tui-migration.bak stripped tui keys from server config
INFO  2026-05-03T11:00:23 +0ms service=tui.migrate from=/tmp/opencode-test-o2z8ofjiif/opencode.json to=/tmp/opencode-test-o2z8ofjiif/tui.json migrated tui config
INFO  2026-05-03T11:00:23 +16ms service=default directory=/tmp/opencode-test-65bk5z3u3k3 creating instance
INFO  2026-05-03T11:00:23 +0ms service=project directory=/tmp/opencode-test-65bk5z3u3k3 fromDirectory
INFO  2026-05-03T11:00:23 +18ms service=default directory=/tmp/opencode-test-e8mmqw5rikb creating instance
INFO  2026-05-03T11:00:23 +0ms service=project directory=/tmp/opencode-test-e8mmqw5rikb fromDirectory
INFO  2026-05-03T11:00:23 +26ms service=default directory=/tmp/opencode-test-zp5mkf7cml creating instance
INFO  2026-05-03T11:00:23 +0ms service=project directory=/tmp/opencode-test-zp5mkf7cml fromDirectory
WARN  2026-05-03T11:00:23 +4ms service=tui.migrate path=/tmp/opencode-test-zp5mkf7cml/opencode.json backup=/tmp/opencode-test-zp5mkf7cml/opencode.json.tui-migration.bak error=EACCES: permission denied, open '/tmp/opencode-test-zp5mkf7cml/opencode.json' failed to strip legacy tui keys from server config
WARN  2026-05-03T11:00:23 +0ms service=tui.migrate from=/tmp/opencode-test-zp5mkf7cml/opencode.json to=/tmp/opencode-test-zp5mkf7cml/tui.json tui config migrated but source file was not stripped
INFO  2026-05-03T11:00:23 +14ms service=default directory=/tmp/opencode-test-ghlrpw6nuxa creating instance
INFO  2026-05-03T11:00:23 +1ms service=project directory=/tmp/opencode-test-ghlrpw6nuxa fromDirectory
INFO  2026-05-03T11:00:23 +3ms service=tui.migrate path=/tmp/opencode-test-ghlrpw6nuxa/opencode.jsonc backup=/tmp/opencode-test-ghlrpw6nuxa/opencode.jsonc.tui-migration.bak stripped tui keys from server config
INFO  2026-05-03T11:00:23 +0ms service=tui.migrate from=/tmp/opencode-test-ghlrpw6nuxa/opencode.jsonc to=/tmp/opencode-test-ghlrpw6nuxa/tui.json migrated tui config
INFO  2026-05-03T11:00:23 +14ms service=default directory=/tmp/opencode-test-jl3s93rn4je/apps/client creating instance
INFO  2026-05-03T11:00:23 +0ms service=project directory=/tmp/opencode-test-jl3s93rn4je/apps/client fromDirectory
INFO  2026-05-03T11:00:23 +3ms service=tui.migrate path=/tmp/opencode-test-jl3s93rn4je/opencode.json backup=/tmp/opencode-test-jl3s93rn4je/opencode.json.tui-migration.bak stripped tui keys from server config
INFO  2026-05-03T11:00:23 +1ms service=tui.migrate from=/tmp/opencode-test-jl3s93rn4je/opencode.json to=/tmp/opencode-test-jl3s93rn4je/tui.json migrated tui config
INFO  2026-05-03T11:00:23 +1ms service=tui.migrate path=/tmp/opencode-test-jl3s93rn4je/apps/client/opencode.json backup=/tmp/opencode-test-jl3s93rn4je/apps/client/opencode.json.tui-migration.bak stripped tui keys from server config
INFO  2026-05-03T11:00:23 +0ms service=tui.migrate from=/tmp/opencode-test-jl3s93rn4je/apps/client/opencode.json to=/tmp/opencode-test-jl3s93rn4je/apps/client/tui.json migrated tui config
INFO  2026-05-03T11:00:23 +24ms service=default directory=/tmp/opencode-test-1r4ym663d3m creating instance
INFO  2026-05-03T11:00:23 +0ms service=project directory=/tmp/opencode-test-1r4ym663d3m fromDirectory
INFO  2026-05-03T11:00:23 +6ms service=default directory=/tmp/opencode-test-pcatdurrje creating instance
INFO  2026-05-03T11:00:23 +0ms service=project directory=/tmp/opencode-test-pcatdurrje fromDirectory
INFO  2026-05-03T11:00:24 +18ms service=default directory=/tmp/opencode-test-rqgdh9wjqp creating instance
INFO  2026-05-03T11:00:24 +0ms service=project directory=/tmp/opencode-test-rqgdh9wjqp fromDirectory
DEBUG 2026-05-03T11:00:24 +9ms service=tui.config path=/tmp/opencode-test-rqgdh9wjqp/custom-tui.json loaded custom tui config
INFO  2026-05-03T11:00:24 +4ms service=default directory=/tmp/opencode-test-beu26hlhfef creating instance
INFO  2026-05-03T11:00:24 +0ms service=project directory=/tmp/opencode-test-beu26hlhfef fromDirectory
INFO  2026-05-03T11:00:24 +13ms service=default directory=/tmp/opencode-test-laebpzvzof creating instance
INFO  2026-05-03T11:00:24 +0ms service=project directory=/tmp/opencode-test-laebpzvzof fromDirectory
DEBUG 2026-05-03T11:00:24 +3ms service=tui.config path=/tmp/opencode-test-laebpzvzof/custom-tui.json loaded custom tui config
INFO  2026-05-03T11:00:24 +4ms service=default directory=/tmp/opencode-test-iudo7zyjuaf creating instance
INFO  2026-05-03T11:00:24 +0ms service=project directory=/tmp/opencode-test-iudo7zyjuaf fromDirectory
INFO  2026-05-03T11:00:24 +28ms service=default directory=/tmp/opencode-test-grfp3n771v8 creating instance
INFO  2026-05-03T11:00:24 +0ms service=project directory=/tmp/opencode-test-grfp3n771v8 fromDirectory
INFO  2026-05-03T11:00:24 +6ms service=default directory=/tmp/opencode-test-ru7cj46szyj creating instance
INFO  2026-05-03T11:00:24 +0ms service=project directory=/tmp/opencode-test-ru7cj46szyj fromDirectory
INFO  2026-05-03T11:00:24 +12ms service=default directory=/tmp/opencode-test-0dcd3dp353x7 creating instance
INFO  2026-05-03T11:00:24 +0ms service=project directory=/tmp/opencode-test-0dcd3dp353x7 fromDirectory
INFO  2026-05-03T11:00:24 +6ms service=default directory=/tmp/opencode-test-5gb2fv34c5f creating instance
INFO  2026-05-03T11:00:24 +0ms service=project directory=/tmp/opencode-test-5gb2fv34c5f fromDirectory
INFO  2026-05-03T11:00:24 +13ms service=default directory=/tmp/opencode-test-2evkvmfq2yo creating instance
INFO  2026-05-03T11:00:24 +0ms service=project directory=/tmp/opencode-test-2evkvmfq2yo fromDirectory
WARN  2026-05-03T11:00:24 +3ms service=tui.config path=/tmp/opencode-test-2evkvmfq2yo/tui.json error=ConfigJsonError failed to load tui config
INFO  2026-05-03T11:00:24 +24ms service=default directory=/tmp/opencode-test-bnnj0pqlfff creating instance
INFO  2026-05-03T11:00:24 +0ms service=project directory=/tmp/opencode-test-bnnj0pqlfff fromDirectory
DEBUG 2026-05-03T11:00:24 +2ms service=config path=/home/mariu/projects/opendora/.opendora loading config from OPENCODE_CONFIG_DIR
DEBUG 2026-05-03T11:00:24 +0ms service=config loading config from /home/mariu/projects/opendora/.opendora/opendora.jsonc
INFO  2026-05-03T11:00:24 +0ms service=config path=/home/mariu/projects/opendora/.opendora/opendora.jsonc loading
DEBUG 2026-05-03T11:00:24 +0ms service=config loading config from /home/mariu/projects/opendora/.opendora/opendora.json
INFO  2026-05-03T11:00:24 +0ms service=config path=/home/mariu/projects/opendora/.opendora/opendora.json loading
INFO  2026-05-03T11:00:24 +24ms service=default directory=/tmp/opencode-test-od15fwlsny creating instance
INFO  2026-05-03T11:00:24 +0ms service=project directory=/tmp/opencode-test-od15fwlsny fromDirectory
INFO  2026-05-03T11:00:24 +10ms service=config path=/tmp/opencode-test-od15fwlsny/opencode.json loading
DEBUG 2026-05-03T11:00:24 +1ms service=config path=/home/mariu/projects/opendora/.opendora loading config from OPENCODE_CONFIG_DIR
DEBUG 2026-05-03T11:00:24 +0ms service=config loading config from /home/mariu/projects/opendora/.opendora/opendora.jsonc
INFO  2026-05-03T11:00:24 +0ms service=config path=/home/mariu/projects/opendora/.opendora/opendora.jsonc loading
DEBUG 2026-05-03T11:00:24 +0ms service=config loading config from /home/mariu/projects/opendora/.opendora/opendora.json
INFO  2026-05-03T11:00:24 +0ms service=config path=/home/mariu/projects/opendora/.opendora/opendora.json loading
INFO  2026-05-03T11:00:24 +46ms service=default directory=/tmp/opencode-test-d9vaolwwwpv creating instance
INFO  2026-05-03T11:00:24 +0ms service=project directory=/tmp/opencode-test-d9vaolwwwpv fromDirectory
INFO  2026-05-03T11:00:24 +3ms service=config path=/tmp/opencode-test-d9vaolwwwpv/opencode.json loading
WARN  2026-05-03T11:00:24 +1ms service=config path=/tmp/opencode-test-d9vaolwwwpv/opencode.json tui keys in opencode config are deprecated; move them to tui.json
DEBUG 2026-05-03T11:00:24 +1ms service=config path=/home/mariu/projects/opendora/.opendora loading config from OPENCODE_CONFIG_DIR
DEBUG 2026-05-03T11:00:24 +0ms service=config loading config from /home/mariu/projects/opendora/.opendora/opendora.jsonc
INFO  2026-05-03T11:00:24 +0ms service=config path=/home/mariu/projects/opendora/.opendora/opendora.jsonc loading
DEBUG 2026-05-03T11:00:24 +0ms service=config loading config from /home/mariu/projects/opendora/.opendora/opendora.json
INFO  2026-05-03T11:00:24 +0ms service=config path=/home/mariu/projects/opendora/.opendora/opendora.json loading
INFO  2026-05-03T11:00:24 +47ms service=default directory=/tmp/opencode-test-eizhml74sat creating instance
INFO  2026-05-03T11:00:24 +0ms service=project directory=/tmp/opencode-test-eizhml74sat fromDirectory
INFO  2026-05-03T11:00:24 +2ms service=config path=/tmp/opencode-test-eizhml74sat/opencode.jsonc loading
DEBUG 2026-05-03T11:00:24 +1ms service=config path=/home/mariu/projects/opendora/.opendora loading config from OPENCODE_CONFIG_DIR
DEBUG 2026-05-03T11:00:24 +0ms service=config loading config from /home/mariu/projects/opendora/.opendora/opendora.jsonc
INFO  2026-05-03T11:00:24 +0ms service=config path=/home/mariu/projects/opendora/.opendora/opendora.jsonc loading
DEBUG 2026-05-03T11:00:24 +1ms service=config loading config from /home/mariu/projects/opendora/.opendora/opendora.json
INFO  2026-05-03T11:00:24 +0ms service=config path=/home/mariu/projects/opendora/.opendora/opendora.json loading
INFO  2026-05-03T11:00:24 +36ms service=default directory=/tmp/opencode-test-vfodz245mhf creating instance
INFO  2026-05-03T11:00:24 +9ms service=project directory=/tmp/opencode-test-vfodz245mhf fromDirectory
INFO  2026-05-03T11:00:24 +2ms service=config path=/tmp/opencode-test-vfodz245mhf/opencode.jsonc loading
INFO  2026-05-03T11:00:24 +1ms service=config path=/tmp/opencode-test-vfodz245mhf/opencode.json loading
DEBUG 2026-05-03T11:00:24 +1ms service=config path=/home/mariu/projects/opendora/.opendora loading config from OPENCODE_CONFIG_DIR
DEBUG 2026-05-03T11:00:24 +0ms service=config loading config from /home/mariu/projects/opendora/.opendora/opendora.jsonc
INFO  2026-05-03T11:00:24 +0ms service=config path=/home/mariu/projects/opendora/.opendora/opendora.jsonc loading
DEBUG 2026-05-03T11:00:24 +0ms service=config loading config from /home/mariu/projects/opendora/.opendora/opendora.json
INFO  2026-05-03T11:00:24 +0ms service=config path=/home/mariu/projects/opendora/.opendora/opendora.json loading
INFO  2026-05-03T11:00:24 +37ms service=default directory=/tmp/opencode-test-durz1j5ohi9 creating instance
INFO  2026-05-03T11:00:24 +0ms service=project directory=/tmp/opencode-test-durz1j5ohi9 fromDirectory
INFO  2026-05-03T11:00:24 +15ms service=config path=/tmp/opencode-test-durz1j5ohi9/opencode.json loading
DEBUG 2026-05-03T11:00:24 +1ms service=config path=/home/mariu/projects/opendora/.opendora loading config from OPENCODE_CONFIG_DIR
DEBUG 2026-05-03T11:00:24 +0ms service=config loading config from /home/mariu/projects/opendora/.opendora/opendora.jsonc
INFO  2026-05-03T11:00:24 +0ms service=config path=/home/mariu/projects/opendora/.opendora/opendora.jsonc loading
DEBUG 2026-05-03T11:00:24 +1ms service=config loading config from /home/mariu/projects/opendora/.opendora/opendora.json
INFO  2026-05-03T11:00:24 +0ms service=config path=/home/mariu/projects/opendora/.opendora/opendora.json loading
INFO  2026-05-03T11:00:24 +46ms service=default directory=/tmp/opencode-test-d2adbnuow65 creating instance
INFO  2026-05-03T11:00:24 +0ms service=project directory=/tmp/opencode-test-d2adbnuow65 fromDirectory
INFO  2026-05-03T11:00:24 +2ms service=config path=/tmp/opencode-test-d2adbnuow65/opencode.json loading
DEBUG 2026-05-03T11:00:24 +1ms service=config path=/home/mariu/projects/opendora/.opendora loading config from OPENCODE_CONFIG_DIR
DEBUG 2026-05-03T11:00:24 +0ms service=config loading config from /home/mariu/projects/opendora/.opendora/opendora.jsonc
INFO  2026-05-03T11:00:24 +0ms service=config path=/home/mariu/projects/opendora/.opendora/opendora.jsonc loading
DEBUG 2026-05-03T11:00:24 +0ms service=config loading config from /home/mariu/projects/opendora/.opendora/opendora.json
INFO  2026-05-03T11:00:24 +0ms service=config path=/home/mariu/projects/opendora/.opendora/opendora.json loading
INFO  2026-05-03T11:00:24 +49ms service=default directory=/tmp/opencode-test-vbp9bruteyr creating instance
INFO  2026-05-03T11:00:24 +1ms service=project directory=/tmp/opencode-test-vbp9bruteyr fromDirectory
INFO  2026-05-03T11:00:24 +2ms service=config path=/tmp/opencode-test-vbp9bruteyr/opencode.json loading
DEBUG 2026-05-03T11:00:24 +2ms service=config path=/home/mariu/projects/opendora/.opendora loading config from OPENCODE_CONFIG_DIR
DEBUG 2026-05-03T11:00:24 +0ms service=config loading config from /home/mariu/projects/opendora/.opendora/opendora.jsonc
INFO  2026-05-03T11:00:24 +0ms service=config path=/home/mariu/projects/opendora/.opendora/opendora.jsonc loading
DEBUG 2026-05-03T11:00:24 +0ms service=config loading config from /home/mariu/projects/opendora/.opendora/opendora.json
INFO  2026-05-03T11:00:24 +8ms service=config path=/home/mariu/projects/opendora/.opendora/opendora.json loading
INFO  2026-05-03T11:00:24 +36ms service=default directory=/tmp/opencode-test-0p5rcrckc1y creating instance
INFO  2026-05-03T11:00:24 +0ms service=project directory=/tmp/opencode-test-0p5rcrckc1y fromDirectory
INFO  2026-05-03T11:00:24 +3ms service=config path=/tmp/opencode-test-0p5rcrckc1y/opencode.json loading
DEBUG 2026-05-03T11:00:24 +1ms service=config path=/home/mariu/projects/opendora/.opendora loading config from OPENCODE_CONFIG_DIR
DEBUG 2026-05-03T11:00:24 +0ms service=config loading config from /home/mariu/projects/opendora/.opendora/opendora.jsonc
INFO  2026-05-03T11:00:24 +0ms service=config path=/home/mariu/projects/opendora/.opendora/opendora.jsonc loading
DEBUG 2026-05-03T11:00:24 +8ms service=config loading config from /home/mariu/projects/opendora/.opendora/opendora.json
INFO  2026-05-03T11:00:24 +0ms service=config path=/home/mariu/projects/opendora/.opendora/opendora.json loading
INFO  2026-05-03T11:00:24 +52ms service=default directory=/tmp/opencode-test-bukysdz977b creating instance
INFO  2026-05-03T11:00:24 +0ms service=project directory=/tmp/opencode-test-bukysdz977b fromDirectory
INFO  2026-05-03T11:00:24 +3ms service=config path=/tmp/opencode-test-bukysdz977b/opencode.json loading
INFO  2026-05-03T11:00:24 +15ms service=default directory=/tmp/opencode-test-bv4n3h37q6h creating instance
INFO  2026-05-03T11:00:24 +0ms service=project directory=/tmp/opencode-test-bv4n3h37q6h fromDirectory
INFO  2026-05-03T11:00:24 +3ms service=config path=/tmp/opencode-test-bv4n3h37q6h/opencode.json loading
INFO  2026-05-03T11:00:24 +12ms service=default directory=/tmp/opencode-test-78wkopledu3 creating instance
INFO  2026-05-03T11:00:24 +0ms service=project directory=/tmp/opencode-test-78wkopledu3 fromDirectory
INFO  2026-05-03T11:00:24 +3ms service=config path=/tmp/opencode-test-78wkopledu3/opencode.json loading
DEBUG 2026-05-03T11:00:24 +1ms service=config path=/home/mariu/projects/opendora/.opendora loading config from OPENCODE_CONFIG_DIR
DEBUG 2026-05-03T11:00:24 +0ms service=config loading config from /home/mariu/projects/opendora/.opendora/opendora.jsonc
INFO  2026-05-03T11:00:24 +0ms service=config path=/home/mariu/projects/opendora/.opendora/opendora.jsonc loading
DEBUG 2026-05-03T11:00:24 +10ms service=config loading config from /home/mariu/projects/opendora/.opendora/opendora.json
INFO  2026-05-03T11:00:24 +0ms service=config path=/home/mariu/projects/opendora/.opendora/opendora.json loading
INFO  2026-05-03T11:00:24 +36ms service=default directory=/tmp/opencode-test-mbqxny49oqg creating instance
INFO  2026-05-03T11:00:24 +0ms service=project directory=/tmp/opencode-test-mbqxny49oqg fromDirectory
INFO  2026-05-03T11:00:24 +2ms service=config path=/tmp/opencode-test-mbqxny49oqg/opencode.json loading
DEBUG 2026-05-03T11:00:24 +1ms service=config path=/home/mariu/projects/opendora/.opendora loading config from OPENCODE_CONFIG_DIR
DEBUG 2026-05-03T11:00:24 +0ms service=config loading config from /home/mariu/projects/opendora/.opendora/opendora.jsonc
INFO  2026-05-03T11:00:24 +0ms service=config path=/home/mariu/projects/opendora/.opendora/opendora.jsonc loading
DEBUG 2026-05-03T11:00:24 +2ms service=config loading config from /home/mariu/projects/opendora/.opendora/opendora.json
INFO  2026-05-03T11:00:24 +9ms service=config path=/home/mariu/projects/opendora/.opendora/opendora.json loading
INFO  2026-05-03T11:00:24 +69ms service=default directory=/tmp/opencode-test-2zvozv13ayl creating instance
INFO  2026-05-03T11:00:24 +0ms service=project directory=/tmp/opencode-test-2zvozv13ayl fromDirectory
INFO  2026-05-03T11:00:24 +5ms service=config path=/tmp/opencode-test-2zvozv13ayl/opencode.json loading
DEBUG 2026-05-03T11:00:24 +11ms service=config path=/home/mariu/projects/opendora/.opendora loading config from OPENCODE_CONFIG_DIR
DEBUG 2026-05-03T11:00:24 +1ms service=config loading config from /home/mariu/projects/opendora/.opendora/opendora.jsonc
INFO  2026-05-03T11:00:24 +0ms service=config path=/home/mariu/projects/opendora/.opendora/opendora.jsonc loading
DEBUG 2026-05-03T11:00:24 +0ms service=config loading config from /home/mariu/projects/opendora/.opendora/opendora.json
INFO  2026-05-03T11:00:24 +0ms service=config path=/home/mariu/projects/opendora/.opendora/opendora.json loading
INFO  2026-05-03T11:00:24 +102ms service=default directory=/tmp/opencode-test-fwcomeab0wk creating instance
INFO  2026-05-03T11:00:24 +1ms service=project directory=/tmp/opencode-test-fwcomeab0wk fromDirectory
INFO  2026-05-03T11:00:24 +4ms service=config path=/tmp/opencode-test-fwcomeab0wk/opencode.json loading
DEBUG 2026-05-03T11:00:24 +1ms service=config path=/home/mariu/projects/opendora/.opendora loading config from OPENCODE_CONFIG_DIR
DEBUG 2026-05-03T11:00:24 +0ms service=config loading config from /home/mariu/projects/opendora/.opendora/opendora.jsonc
INFO  2026-05-03T11:00:24 +0ms service=config path=/home/mariu/projects/opendora/.opendora/opendora.jsonc loading
DEBUG 2026-05-03T11:00:24 +1ms service=config loading config from /home/mariu/projects/opendora/.opendora/opendora.json
INFO  2026-05-03T11:00:24 +0ms service=config path=/home/mariu/projects/opendora/.opendora/opendora.json loading
INFO  2026-05-03T11:00:24 +82ms service=default directory=/tmp/opencode-test-vfzvrxpge7b creating instance
INFO  2026-05-03T11:00:24 +0ms service=project directory=/tmp/opencode-test-vfzvrxpge7b fromDirectory
INFO  2026-05-03T11:00:24 +4ms service=config path=/tmp/opencode-test-vfzvrxpge7b/opencode.json loading
DEBUG 2026-05-03T11:00:24 +13ms service=config path=/home/mariu/projects/opendora/.opendora loading config from OPENCODE_CONFIG_DIR
DEBUG 2026-05-03T11:00:24 +0ms service=config loading config from /home/mariu/projects/opendora/.opendora/opendora.jsonc
INFO  2026-05-03T11:00:24 +0ms service=config path=/home/mariu/projects/opendora/.opendora/opendora.jsonc loading
DEBUG 2026-05-03T11:00:24 +0ms service=config loading config from /home/mariu/projects/opendora/.opendora/opendora.json
INFO  2026-05-03T11:00:24 +0ms service=config path=/home/mariu/projects/opendora/.opendora/opendora.json loading
INFO  2026-05-03T11:00:25 +108ms service=default directory=/tmp/opencode-test-fsas6hiayh creating instance
INFO  2026-05-03T11:00:25 +0ms service=project directory=/tmp/opencode-test-fsas6hiayh fromDirectory
DEBUG 2026-05-03T11:00:25 +4ms service=config path=/home/mariu/projects/opendora/.opendora loading config from OPENCODE_CONFIG_DIR
DEBUG 2026-05-03T11:00:25 +0ms service=config loading config from /home/mariu/projects/opendora/.opendora/opendora.jsonc
INFO  2026-05-03T11:00:25 +0ms service=config path=/home/mariu/projects/opendora/.opendora/opendora.jsonc loading
DEBUG 2026-05-03T11:00:25 +10ms service=config loading config from /home/mariu/projects/opendora/.opendora/opendora.json
INFO  2026-05-03T11:00:25 +0ms service=config path=/home/mariu/projects/opendora/.opendora/opendora.json loading
INFO  2026-05-03T11:00:25 +120ms service=default directory=/tmp/opencode-test-1hm95uh4n8a creating instance
INFO  2026-05-03T11:00:25 +0ms service=project directory=/tmp/opencode-test-1hm95uh4n8a fromDirectory
DEBUG 2026-05-03T11:00:25 +35ms service=config path=/home/mariu/projects/opendora/.opendora loading config from OPENCODE_CONFIG_DIR
DEBUG 2026-05-03T11:00:25 +0ms service=config loading config from /home/mariu/projects/opendora/.opendora/opendora.jsonc
INFO  2026-05-03T11:00:25 +0ms service=config path=/home/mariu/projects/opendora/.opendora/opendora.jsonc loading
DEBUG 2026-05-03T11:00:25 +1ms service=config loading config from /home/mariu/projects/opendora/.opendora/opendora.json
INFO  2026-05-03T11:00:25 +0ms service=config path=/home/mariu/projects/opendora/.opendora/opendora.json loading
INFO  2026-05-03T11:00:25 +159ms service=default directory=/tmp/opencode-test-y02y5gt724 creating instance
INFO  2026-05-03T11:00:25 +0ms service=project directory=/tmp/opencode-test-y02y5gt724 fromDirectory
DEBUG 2026-05-03T11:00:25 +19ms service=config path=/home/mariu/projects/opendora/.opendora loading config from OPENCODE_CONFIG_DIR
DEBUG 2026-05-03T11:00:25 +0ms service=config loading config from /home/mariu/projects/opendora/.opendora/opendora.jsonc
INFO  2026-05-03T11:00:25 +0ms service=config path=/home/mariu/projects/opendora/.opendora/opendora.jsonc loading
DEBUG 2026-05-03T11:00:25 +0ms service=config loading config from /home/mariu/projects/opendora/.opendora/opendora.json
INFO  2026-05-03T11:00:25 +0ms service=config path=/home/mariu/projects/opendora/.opendora/opendora.json loading
WARN  2026-05-03T11:00:25 +169ms service=bun pkg=@opencode-ai/plugin cachedVersion=* Failed to resolve latest version, using cached
INFO  2026-05-03T11:00:25 +20ms service=default directory=/tmp/opencode-test-ys93ck4l11p creating instance
INFO  2026-05-03T11:00:25 +0ms service=project directory=/tmp/opencode-test-ys93ck4l11p fromDirectory
DEBUG 2026-05-03T11:00:25 +21ms service=config path=/home/mariu/projects/opendora/.opendora loading config from OPENCODE_CONFIG_DIR
DEBUG 2026-05-03T11:00:25 +0ms service=config loading config from /home/mariu/projects/opendora/.opendora/opendora.jsonc
INFO  2026-05-03T11:00:25 +0ms service=config path=/home/mariu/projects/opendora/.opendora/opendora.jsonc loading
DEBUG 2026-05-03T11:00:25 +1ms service=config loading config from /home/mariu/projects/opendora/.opendora/opendora.json
INFO  2026-05-03T11:00:25 +0ms service=config path=/home/mariu/projects/opendora/.opendora/opendora.json loading
INFO  2026-05-03T11:00:25 +150ms service=default directory=/tmp/opencode-test-mvjjilh35jp creating instance
INFO  2026-05-03T11:00:25 +0ms service=project directory=/tmp/opencode-test-mvjjilh35jp fromDirectory
INFO  2026-05-03T11:00:25 +4ms service=config path=/home/mariu/projects/opendora/.opendora/opendora.json loading
INFO  2026-05-03T11:00:25 +14ms service=default directory=/tmp/opencode-test-mvjjilh35jp disposing instance
INFO  2026-05-03T11:00:25 +15ms service=default directory=/tmp/opencode-test-6wf2kjoo1s9 creating instance
INFO  2026-05-03T11:00:25 +0ms service=project directory=/tmp/opencode-test-6wf2kjoo1s9 fromDirectory
DEBUG 2026-05-03T11:00:25 +18ms service=config path=/home/mariu/projects/opendora/.opendora loading config from OPENCODE_CONFIG_DIR
DEBUG 2026-05-03T11:00:25 +1ms service=config loading config from /home/mariu/projects/opendora/.opendora/opendora.jsonc
INFO  2026-05-03T11:00:25 +0ms service=config path=/home/mariu/projects/opendora/.opendora/opendora.jsonc loading
DEBUG 2026-05-03T11:00:25 +0ms service=config loading config from /home/mariu/projects/opendora/.opendora/opendora.json
INFO  2026-05-03T11:00:25 +1ms service=config path=/home/mariu/projects/opendora/.opendora/opendora.json loading
WARN  2026-05-03T11:00:25 +81ms service=bun pkg=@opencode-ai/plugin cachedVersion=* Failed to resolve latest version, using cached
INFO  2026-05-03T11:00:25 +16ms service=default directory=/tmp/opencode-test-3at9twd23s9 creating instance
INFO  2026-05-03T11:00:25 +0ms service=project directory=/tmp/opencode-test-3at9twd23s9 fromDirectory
DEBUG 2026-05-03T11:00:25 +4ms service=config path=/tmp/opencode-test-3at9twd23s9/readonly loading config from OPENCODE_CONFIG_DIR
DEBUG 2026-05-03T11:00:25 +0ms service=config loading config from /home/mariu/projects/opendora/.opendora/opendora.jsonc
INFO  2026-05-03T11:00:25 +0ms service=config path=/home/mariu/projects/opendora/.opendora/opendora.jsonc loading
DEBUG 2026-05-03T11:00:25 +0ms service=config loading config from /home/mariu/projects/opendora/.opendora/opendora.json
INFO  2026-05-03T11:00:25 +0ms service=config path=/home/mariu/projects/opendora/.opendora/opendora.json loading
DEBUG 2026-05-03T11:00:26 +84ms service=config loading config from /tmp/opencode-test-3at9twd23s9/readonly/opendora.jsonc
INFO  2026-05-03T11:00:26 +0ms service=config path=/tmp/opencode-test-3at9twd23s9/readonly/opendora.jsonc loading
DEBUG 2026-05-03T11:00:26 +0ms service=config loading config from /tmp/opencode-test-3at9twd23s9/readonly/opendora.json
INFO  2026-05-03T11:00:26 +0ms service=config path=/tmp/opencode-test-3at9twd23s9/readonly/opendora.json loading
DEBUG 2026-05-03T11:00:26 +3ms service=config dir=/tmp/opencode-test-3at9twd23s9/readonly config dir is not writable, skipping dependency install
INFO  2026-05-03T11:00:26 +40ms service=default directory=/tmp/opencode-test-54paw6docyr creating instance
INFO  2026-05-03T11:00:26 +1ms service=project directory=/tmp/opencode-test-54paw6docyr fromDirectory
DEBUG 2026-05-03T11:00:26 +5ms service=config path=/tmp/opencode-test-54paw6docyr/configdir loading config from OPENCODE_CONFIG_DIR
DEBUG 2026-05-03T11:00:26 +1ms service=config loading config from /home/mariu/projects/opendora/.opendora/opendora.jsonc
INFO  2026-05-03T11:00:26 +0ms service=config path=/home/mariu/projects/opendora/.opendora/opendora.jsonc loading
DEBUG 2026-05-03T11:00:26 +15ms service=config loading config from /home/mariu/projects/opendora/.opendora/opendora.json
INFO  2026-05-03T11:00:26 +0ms service=config path=/home/mariu/projects/opendora/.opendora/opendora.json loading
DEBUG 2026-05-03T11:00:26 +114ms service=config loading config from /tmp/opencode-test-54paw6docyr/configdir/opendora.jsonc
INFO  2026-05-03T11:00:26 +1ms service=config path=/tmp/opencode-test-54paw6docyr/configdir/opendora.jsonc loading
DEBUG 2026-05-03T11:00:26 +0ms service=config loading config from /tmp/opencode-test-54paw6docyr/configdir/opendora.json
INFO  2026-05-03T11:00:26 +0ms service=config path=/tmp/opencode-test-54paw6docyr/configdir/opendora.json loading
INFO  2026-05-03T11:00:26 +9ms service=bun cmd=["/home/mariu/.bun/bin/bun","install"] cwd=/tmp/opencode-test-54paw6docyr/configdir running
INFO  2026-05-03T11:00:27 +982ms service=bun code=0 stdout= stderr= done
WARN  2026-05-03T11:00:27 +726ms service=bun pkg=@opencode-ai/plugin cachedVersion=* Failed to resolve latest version, using cached
WARN  2026-05-03T11:00:28 +244ms service=bun pkg=@opencode-ai/plugin cachedVersion=* Failed to resolve latest version, using cached
WARN  2026-05-03T11:00:28 +96ms service=bun pkg=@opencode-ai/plugin cachedVersion=* Failed to resolve latest version, using cached
WARN  2026-05-03T11:00:28 +214ms service=bun pkg=@opencode-ai/plugin cachedVersion=* Failed to resolve latest version, using cached
WARN  2026-05-03T11:00:29 +624ms service=bun pkg=@opencode-ai/plugin cachedVersion=* Failed to resolve latest version, using cached
WARN  2026-05-03T11:00:29 +669ms service=bun pkg=@opencode-ai/plugin cachedVersion=* Failed to resolve latest version, using cached
WARN  2026-05-03T11:00:29 +38ms service=bun pkg=@opencode-ai/plugin cachedVersion=* Failed to resolve latest version, using cached
WARN  2026-05-03T11:00:29 +48ms service=bun pkg=@opencode-ai/plugin cachedVersion=* Failed to resolve latest version, using cached
WARN  2026-05-03T11:00:31 +1210ms service=bun pkg=@opencode-ai/plugin cachedVersion=* Failed to resolve latest version, using cached
WARN  2026-05-03T11:00:31 +42ms service=bun pkg=@opencode-ai/plugin cachedVersion=* Failed to resolve latest version, using cached
WARN  2026-05-03T11:00:31 +366ms service=bun pkg=@opencode-ai/plugin cachedVersion=* Failed to resolve latest version, using cached
WARN  2026-05-03T11:00:31 +186ms service=bun pkg=@opencode-ai/plugin cachedVersion=* Failed to resolve latest version, using cached
WARN  2026-05-03T11:00:31 +52ms service=bun pkg=@opencode-ai/plugin cachedVersion=* Failed to resolve latest version, using cached
WARN  2026-05-03T11:00:31 +20ms service=bun pkg=@opencode-ai/plugin cachedVersion=* Failed to resolve latest version, using cached
WARN  2026-05-03T11:00:31 +35ms service=bun pkg=@opencode-ai/plugin cachedVersion=* Failed to resolve latest version, using cached
WARN  2026-05-03T11:00:31 +129ms service=bun pkg=@opencode-ai/plugin cachedVersion=* Failed to resolve latest version, using cached
WARN  2026-05-03T11:00:31 +96ms service=bun pkg=@opencode-ai/plugin cachedVersion=* Failed to resolve latest version, using cached
WARN  2026-05-03T11:00:32 +30ms service=bun pkg=@opencode-ai/plugin cachedVersion=* Failed to resolve latest version, using cached
INFO  2026-05-03T11:00:32 +47ms service=default directory=/tmp/opencode-test-u9khq2bf1js creating instance
INFO  2026-05-03T11:00:32 +0ms service=project directory=/tmp/opencode-test-u9khq2bf1js fromDirectory
INFO  2026-05-03T11:00:32 +20ms service=config path=/tmp/opencode-test-u9khq2bf1js/opencode.json loading
DEBUG 2026-05-03T11:00:32 +14ms service=config path=/home/mariu/projects/opendora/.opendora loading config from OPENCODE_CONFIG_DIR
DEBUG 2026-05-03T11:00:32 +0ms service=config loading config from /home/mariu/projects/opendora/.opendora/opendora.jsonc
INFO  2026-05-03T11:00:32 +0ms service=config path=/home/mariu/projects/opendora/.opendora/opendora.jsonc loading
DEBUG 2026-05-03T11:00:32 +0ms service=config loading config from /home/mariu/projects/opendora/.opendora/opendora.json
INFO  2026-05-03T11:00:32 +0ms service=config path=/home/mariu/projects/opendora/.opendora/opendora.json loading
WARN  2026-05-03T11:00:32 +132ms service=bun pkg=@opencode-ai/plugin cachedVersion=* Failed to resolve latest version, using cached
INFO  2026-05-03T11:00:32 +32ms service=default directory=/tmp/opencode-test-3d2n4xvo40k/project creating instance
INFO  2026-05-03T11:00:32 +1ms service=project directory=/tmp/opencode-test-3d2n4xvo40k/project fromDirectory
INFO  2026-05-03T11:00:32 +3ms service=config path=/tmp/opencode-test-3d2n4xvo40k/opencode.json loading
DEBUG 2026-05-03T11:00:32 +1ms service=config path=/home/mariu/projects/opendora/.opendora loading config from OPENCODE_CONFIG_DIR
DEBUG 2026-05-03T11:00:32 +0ms service=config loading config from /home/mariu/projects/opendora/.opendora/opendora.jsonc
INFO  2026-05-03T11:00:32 +0ms service=config path=/home/mariu/projects/opendora/.opendora/opendora.jsonc loading
DEBUG 2026-05-03T11:00:32 +1ms service=config loading config from /home/mariu/projects/opendora/.opendora/opendora.json
INFO  2026-05-03T11:00:32 +0ms service=config path=/home/mariu/projects/opendora/.opendora/opendora.json loading
INFO  2026-05-03T11:00:32 +52ms service=default directory=/tmp/opencode-test-2prkgfij4il creating instance
INFO  2026-05-03T11:00:32 +0ms service=project directory=/tmp/opencode-test-2prkgfij4il fromDirectory
DEBUG 2026-05-03T11:00:32 +2ms service=config path=/home/mariu/projects/opendora/.opendora loading config from OPENCODE_CONFIG_DIR
DEBUG 2026-05-03T11:00:32 +1ms service=config loading config from /home/mariu/projects/opendora/.opendora/opendora.jsonc
INFO  2026-05-03T11:00:32 +0ms service=config path=/home/mariu/projects/opendora/.opendora/opendora.jsonc loading
DEBUG 2026-05-03T11:00:32 +0ms service=config loading config from /home/mariu/projects/opendora/.opendora/opendora.json
INFO  2026-05-03T11:00:32 +0ms service=config path=/home/mariu/projects/opendora/.opendora/opendora.json loading
INFO  2026-05-03T11:00:32 +56ms service=default directory=/tmp/opencode-test-eqstx0sgjrf/project creating instance
INFO  2026-05-03T11:00:32 +0ms service=project directory=/tmp/opencode-test-eqstx0sgjrf/project fromDirectory
INFO  2026-05-03T11:00:32 +3ms service=config path=/tmp/opencode-test-eqstx0sgjrf/opencode.json loading
DEBUG 2026-05-03T11:00:32 +1ms service=config path=/home/mariu/projects/opendora/.opendora loading config from OPENCODE_CONFIG_DIR
DEBUG 2026-05-03T11:00:32 +0ms service=config loading config from /home/mariu/projects/opendora/.opendora/opendora.jsonc
INFO  2026-05-03T11:00:32 +0ms service=config path=/home/mariu/projects/opendora/.opendora/opendora.jsonc loading
DEBUG 2026-05-03T11:00:32 +0ms service=config loading config from /home/mariu/projects/opendora/.opendora/opendora.json
INFO  2026-05-03T11:00:32 +0ms service=config path=/home/mariu/projects/opendora/.opendora/opendora.json loading
INFO  2026-05-03T11:00:32 +53ms service=default directory=/tmp/opencode-test-389oval6y1q/project creating instance
INFO  2026-05-03T11:00:32 +0ms service=project directory=/tmp/opencode-test-389oval6y1q/project fromDirectory
INFO  2026-05-03T11:00:32 +3ms service=config path=/tmp/opencode-test-389oval6y1q/opencode.json loading
DEBUG 2026-05-03T11:00:32 +9ms service=config path=/home/mariu/projects/opendora/.opendora loading config from OPENCODE_CONFIG_DIR
DEBUG 2026-05-03T11:00:32 +0ms service=config loading config from /home/mariu/projects/opendora/.opendora/opendora.jsonc
INFO  2026-05-03T11:00:32 +0ms service=config path=/home/mariu/projects/opendora/.opendora/opendora.jsonc loading
DEBUG 2026-05-03T11:00:32 +0ms service=config loading config from /home/mariu/projects/opendora/.opendora/opendora.json
INFO  2026-05-03T11:00:32 +0ms service=config path=/home/mariu/projects/opendora/.opendora/opendora.json loading
INFO  2026-05-03T11:00:32 +50ms service=default directory=/tmp/opencode-test-l28uikmvaz/project creating instance
INFO  2026-05-03T11:00:32 +0ms service=project directory=/tmp/opencode-test-l28uikmvaz/project fromDirectory
INFO  2026-05-03T11:00:32 +3ms service=config path=/tmp/opencode-test-l28uikmvaz/opencode.json loading
DEBUG 2026-05-03T11:00:32 +1ms service=config path=/home/mariu/projects/opendora/.opendora loading config from OPENCODE_CONFIG_DIR
DEBUG 2026-05-03T11:00:32 +0ms service=config loading config from /home/mariu/projects/opendora/.opendora/opendora.jsonc
INFO  2026-05-03T11:00:32 +0ms service=config path=/home/mariu/projects/opendora/.opendora/opendora.jsonc loading
DEBUG 2026-05-03T11:00:32 +0ms service=config loading config from /home/mariu/projects/opendora/.opendora/opendora.json
INFO  2026-05-03T11:00:32 +0ms service=config path=/home/mariu/projects/opendora/.opendora/opendora.json loading
INFO  2026-05-03T11:00:32 +68ms service=default directory=/tmp/opencode-test-vhcz1mlkabq creating instance
INFO  2026-05-03T11:00:32 +3ms service=project directory=/tmp/opencode-test-vhcz1mlkabq fromDirectory
INFO  2026-05-03T11:00:32 +14ms service=config path=/tmp/opencode-test-vhcz1mlkabq/opencode.json loading
DEBUG 2026-05-03T11:00:32 +10ms service=config path=/home/mariu/projects/opendora/.opendora loading config from OPENCODE_CONFIG_DIR
DEBUG 2026-05-03T11:00:32 +0ms service=config loading config from /home/mariu/projects/opendora/.opendora/opendora.jsonc
INFO  2026-05-03T11:00:32 +1ms service=config path=/home/mariu/projects/opendora/.opendora/opendora.jsonc loading
DEBUG 2026-05-03T11:00:32 +0ms service=config loading config from /home/mariu/projects/opendora/.opendora/opendora.json
INFO  2026-05-03T11:00:32 +0ms service=config path=/home/mariu/projects/opendora/.opendora/opendora.json loading
INFO  2026-05-03T11:00:32 +66ms service=default directory=/tmp/opencode-test-7whmp6ogn1e creating instance
INFO  2026-05-03T11:00:32 +0ms service=project directory=/tmp/opencode-test-7whmp6ogn1e fromDirectory
INFO  2026-05-03T11:00:32 +4ms service=config path=/tmp/opencode-test-7whmp6ogn1e/opencode.json loading
DEBUG 2026-05-03T11:00:32 +2ms service=config path=/home/mariu/projects/opendora/.opendora loading config from OPENCODE_CONFIG_DIR
DEBUG 2026-05-03T11:00:32 +0ms service=config loading config from /home/mariu/projects/opendora/.opendora/opendora.jsonc
INFO  2026-05-03T11:00:32 +0ms service=config path=/home/mariu/projects/opendora/.opendora/opendora.jsonc loading
DEBUG 2026-05-03T11:00:32 +1ms service=config loading config from /home/mariu/projects/opendora/.opendora/opendora.json
INFO  2026-05-03T11:00:32 +0ms service=config path=/home/mariu/projects/opendora/.opendora/opendora.json loading
INFO  2026-05-03T11:00:32 +80ms service=default directory=/tmp/opencode-test-its3ibxx8bb creating instance
INFO  2026-05-03T11:00:32 +1ms service=project directory=/tmp/opencode-test-its3ibxx8bb fromDirectory
INFO  2026-05-03T11:00:32 +11ms service=config path=/tmp/opencode-test-its3ibxx8bb/opencode.json loading
DEBUG 2026-05-03T11:00:32 +2ms service=config path=/home/mariu/projects/opendora/.opendora loading config from OPENCODE_CONFIG_DIR
DEBUG 2026-05-03T11:00:32 +1ms service=config loading config from /home/mariu/projects/opendora/.opendora/opendora.jsonc
INFO  2026-05-03T11:00:32 +0ms service=config path=/home/mariu/projects/opendora/.opendora/opendora.jsonc loading
DEBUG 2026-05-03T11:00:32 +1ms service=config loading config from /home/mariu/projects/opendora/.opendora/opendora.json
INFO  2026-05-03T11:00:32 +0ms service=config path=/home/mariu/projects/opendora/.opendora/opendora.json loading
INFO  2026-05-03T11:00:32 +132ms service=default directory=/tmp/opencode-test-068t39pfhqr6 creating instance
INFO  2026-05-03T11:00:32 +0ms service=project directory=/tmp/opencode-test-068t39pfhqr6 fromDirectory
INFO  2026-05-03T11:00:32 +4ms service=config path=/tmp/opencode-test-068t39pfhqr6/opencode.json loading
DEBUG 2026-05-03T11:00:32 +2ms service=config path=/home/mariu/projects/opendora/.opendora loading config from OPENCODE_CONFIG_DIR
DEBUG 2026-05-03T11:00:32 +0ms service=config loading config from /home/mariu/projects/opendora/.opendora/opendora.jsonc
INFO  2026-05-03T11:00:32 +0ms service=config path=/home/mariu/projects/opendora/.opendora/opendora.jsonc loading
DEBUG 2026-05-03T11:00:32 +15ms service=config loading config from /home/mariu/projects/opendora/.opendora/opendora.json
INFO  2026-05-03T11:00:32 +0ms service=config path=/home/mariu/projects/opendora/.opendora/opendora.json loading
INFO  2026-05-03T11:00:33 +255ms service=config path=/tmp/opencode-test-data-61456/managed/opencode.jsonc loading
INFO  2026-05-03T11:00:33 +1ms service=config path=/tmp/opencode-test-data-61456/managed/opencode.json loading
INFO  2026-05-03T11:00:33 +34ms service=default directory=/tmp/opencode-test-l4zs0ufwxjr creating instance
INFO  2026-05-03T11:00:33 +0ms service=project directory=/tmp/opencode-test-l4zs0ufwxjr fromDirectory
INFO  2026-05-03T11:00:33 +23ms service=config path=/tmp/opencode-test-l4zs0ufwxjr/opencode.json loading
DEBUG 2026-05-03T11:00:33 +30ms service=config path=/home/mariu/projects/opendora/.opendora loading config from OPENCODE_CONFIG_DIR
DEBUG 2026-05-03T11:00:33 +0ms service=config loading config from /home/mariu/projects/opendora/.opendora/opendora.jsonc
INFO  2026-05-03T11:00:33 +0ms service=config path=/home/mariu/projects/opendora/.opendora/opendora.jsonc loading
DEBUG 2026-05-03T11:00:33 +0ms service=config loading config from /home/mariu/projects/opendora/.opendora/opendora.json
INFO  2026-05-03T11:00:33 +0ms service=config path=/home/mariu/projects/opendora/.opendora/opendora.json loading
INFO  2026-05-03T11:00:33 +141ms service=config path=/tmp/opencode-test-data-61456/managed/opencode.jsonc loading
INFO  2026-05-03T11:00:33 +1ms service=config path=/tmp/opencode-test-data-61456/managed/opencode.json loading
INFO  2026-05-03T11:00:33 +18ms service=default directory=/tmp/opencode-test-eramoce86b creating instance
INFO  2026-05-03T11:00:33 +1ms service=project directory=/tmp/opencode-test-eramoce86b fromDirectory
INFO  2026-05-03T11:00:33 +19ms service=config path=/tmp/opencode-test-eramoce86b/opencode.json loading
DEBUG 2026-05-03T11:00:33 +20ms service=config path=/home/mariu/projects/opendora/.opendora loading config from OPENCODE_CONFIG_DIR
DEBUG 2026-05-03T11:00:33 +0ms service=config loading config from /home/mariu/projects/opendora/.opendora/opendora.jsonc
INFO  2026-05-03T11:00:33 +0ms service=config path=/home/mariu/projects/opendora/.opendora/opendora.jsonc loading
DEBUG 2026-05-03T11:00:33 +14ms service=config loading config from /home/mariu/projects/opendora/.opendora/opendora.json
INFO  2026-05-03T11:00:33 +0ms service=config path=/home/mariu/projects/opendora/.opendora/opendora.json loading
WARN  2026-05-03T11:00:33 +171ms service=bun pkg=@opencode-ai/plugin cachedVersion=* Failed to resolve latest version, using cached
INFO  2026-05-03T11:00:33 +167ms service=default directory=/tmp/opencode-test-ldvswyw5byh creating instance
INFO  2026-05-03T11:00:33 +0ms service=project directory=/tmp/opencode-test-ldvswyw5byh fromDirectory
INFO  2026-05-03T11:00:33 +6ms service=config path=/tmp/opencode-test-ldvswyw5byh/opencode.json loading
DEBUG 2026-05-03T11:00:33 +2ms service=config path=/home/mariu/projects/opendora/.opendora loading config from OPENCODE_CONFIG_DIR
DEBUG 2026-05-03T11:00:33 +0ms service=config loading config from /home/mariu/projects/opendora/.opendora/opendora.jsonc
INFO  2026-05-03T11:00:33 +0ms service=config path=/home/mariu/projects/opendora/.opendora/opendora.jsonc loading
DEBUG 2026-05-03T11:00:33 +1ms service=config loading config from /home/mariu/projects/opendora/.opendora/opendora.json
INFO  2026-05-03T11:00:33 +0ms service=config path=/home/mariu/projects/opendora/.opendora/opendora.json loading
INFO  2026-05-03T11:00:34 +212ms service=default directory=/tmp/opencode-test-sf77k974pve creating instance
INFO  2026-05-03T11:00:34 +0ms service=project directory=/tmp/opencode-test-sf77k974pve fromDirectory
INFO  2026-05-03T11:00:34 +20ms service=config path=/tmp/opencode-test-sf77k974pve/opencode.json loading
DEBUG 2026-05-03T11:00:34 +2ms service=config path=/home/mariu/projects/opendora/.opendora loading config from OPENCODE_CONFIG_DIR
DEBUG 2026-05-03T11:00:34 +0ms service=config loading config from /home/mariu/projects/opendora/.opendora/opendora.jsonc
INFO  2026-05-03T11:00:34 +0ms service=config path=/home/mariu/projects/opendora/.opendora/opendora.jsonc loading
DEBUG 2026-05-03T11:00:34 +1ms service=config loading config from /home/mariu/projects/opendora/.opendora/opendora.json
INFO  2026-05-03T11:00:34 +0ms service=config path=/home/mariu/projects/opendora/.opendora/opendora.json loading
WARN  2026-05-03T11:00:34 +10ms service=bun pkg=@opencode-ai/plugin cachedVersion=* Failed to resolve latest version, using cached
INFO  2026-05-03T11:00:34 +158ms service=default directory=/tmp/opencode-test-zb3vonnymsa creating instance
INFO  2026-05-03T11:00:34 +0ms service=project directory=/tmp/opencode-test-zb3vonnymsa fromDirectory
INFO  2026-05-03T11:00:34 +39ms service=config path=/tmp/opencode-test-zb3vonnymsa/opencode.json loading
DEBUG 2026-05-03T11:00:34 +19ms service=config path=/home/mariu/projects/opendora/.opendora loading config from OPENCODE_CONFIG_DIR
DEBUG 2026-05-03T11:00:34 +1ms service=config loading config from /home/mariu/projects/opendora/.opendora/opendora.jsonc
INFO  2026-05-03T11:00:34 +0ms service=config path=/home/mariu/projects/opendora/.opendora/opendora.jsonc loading
DEBUG 2026-05-03T11:00:34 +1ms service=config loading config from /home/mariu/projects/opendora/.opendora/opendora.json
INFO  2026-05-03T11:00:34 +0ms service=config path=/home/mariu/projects/opendora/.opendora/opendora.json loading
INFO  2026-05-03T11:00:34 +521ms service=default directory=/tmp/opencode-test-s1b9rq092h creating instance
INFO  2026-05-03T11:00:34 +49ms service=project directory=/tmp/opencode-test-s1b9rq092h fromDirectory
INFO  2026-05-03T11:00:34 +53ms service=config path=/tmp/opencode-test-s1b9rq092h/opencode.json loading
DEBUG 2026-05-03T11:00:34 +39ms service=config path=/home/mariu/projects/opendora/.opendora loading config from OPENCODE_CONFIG_DIR
DEBUG 2026-05-03T11:00:34 +0ms service=config loading config from /home/mariu/projects/opendora/.opendora/opendora.jsonc
INFO  2026-05-03T11:00:34 +0ms service=config path=/home/mariu/projects/opendora/.opendora/opendora.jsonc loading
DEBUG 2026-05-03T11:00:34 +29ms service=config loading config from /home/mariu/projects/opendora/.opendora/opendora.json
INFO  2026-05-03T11:00:34 +0ms service=config path=/home/mariu/projects/opendora/.opendora/opendora.json loading
WARN  2026-05-03T11:00:35 +345ms service=bun pkg=@opencode-ai/plugin cachedVersion=* Failed to resolve latest version, using cached
INFO  2026-05-03T11:00:35 +454ms service=default directory=/tmp/opencode-test-1ff3ze2ztd8 creating instance
INFO  2026-05-03T11:00:35 +0ms service=project directory=/tmp/opencode-test-1ff3ze2ztd8 fromDirectory
INFO  2026-05-03T11:00:35 +20ms service=config path=/tmp/opencode-test-1ff3ze2ztd8/opencode.json loading
DEBUG 2026-05-03T11:00:35 +110ms service=config path=/home/mariu/projects/opendora/.opendora loading config from OPENCODE_CONFIG_DIR
DEBUG 2026-05-03T11:00:35 +0ms service=config loading config from /home/mariu/projects/opendora/.opendora/opendora.jsonc
INFO  2026-05-03T11:00:35 +1ms service=config path=/home/mariu/projects/opendora/.opendora/opendora.jsonc loading
DEBUG 2026-05-03T11:00:35 +0ms service=config loading config from /home/mariu/projects/opendora/.opendora/opendora.json
INFO  2026-05-03T11:00:35 +0ms service=config path=/home/mariu/projects/opendora/.opendora/opendora.json loading
WARN  2026-05-03T11:00:35 +3ms service=bun pkg=@opencode-ai/plugin cachedVersion=* Failed to resolve latest version, using cached
INFO  2026-05-03T11:00:36 +153ms service=default directory=/tmp/opencode-test-4d1mf4um47e creating instance
INFO  2026-05-03T11:00:36 +1ms service=project directory=/tmp/opencode-test-4d1mf4um47e fromDirectory
INFO  2026-05-03T11:00:36 +6ms service=config path=/tmp/opencode-test-4d1mf4um47e/opencode.json loading
DEBUG 2026-05-03T11:00:36 +16ms service=config path=/home/mariu/projects/opendora/.opendora loading config from OPENCODE_CONFIG_DIR
DEBUG 2026-05-03T11:00:36 +0ms service=config loading config from /home/mariu/projects/opendora/.opendora/opendora.jsonc
INFO  2026-05-03T11:00:36 +1ms service=config path=/home/mariu/projects/opendora/.opendora/opendora.jsonc loading
DEBUG 2026-05-03T11:00:36 +11ms service=config loading config from /home/mariu/projects/opendora/.opendora/opendora.json
INFO  2026-05-03T11:00:36 +0ms service=config path=/home/mariu/projects/opendora/.opendora/opendora.json loading
WARN  2026-05-03T11:00:36 +195ms service=bun pkg=@opencode-ai/plugin cachedVersion=* Failed to resolve latest version, using cached
WARN  2026-05-03T11:00:36 +233ms service=bun pkg=@opencode-ai/plugin cachedVersion=* Failed to resolve latest version, using cached
INFO  2026-05-03T11:00:36 +143ms service=default directory=/tmp/opencode-test-qibyrmxd3v7 creating instance
INFO  2026-05-03T11:00:36 +0ms service=project directory=/tmp/opencode-test-qibyrmxd3v7 fromDirectory
INFO  2026-05-03T11:00:36 +78ms service=config path=/tmp/opencode-test-qibyrmxd3v7/opencode.jsonc loading
INFO  2026-05-03T11:00:36 +49ms service=config path=/tmp/opencode-test-qibyrmxd3v7/opencode.json loading
DEBUG 2026-05-03T11:00:36 +61ms service=config path=/home/mariu/projects/opendora/.opendora loading config from OPENCODE_CONFIG_DIR
DEBUG 2026-05-03T11:00:36 +0ms service=config loading config from /home/mariu/projects/opendora/.opendora/opendora.jsonc
INFO  2026-05-03T11:00:36 +0ms service=config path=/home/mariu/projects/opendora/.opendora/opendora.jsonc loading
DEBUG 2026-05-03T11:00:36 +52ms service=config loading config from /home/mariu/projects/opendora/.opendora/opendora.json
INFO  2026-05-03T11:00:36 +0ms service=config path=/home/mariu/projects/opendora/.opendora/opendora.json loading
WARN  2026-05-03T11:00:37 +211ms service=bun pkg=@opencode-ai/plugin cachedVersion=* Failed to resolve latest version, using cached
INFO  2026-05-03T11:00:37 +122ms service=default directory=/tmp/opencode-test-t88rw83893 creating instance
INFO  2026-05-03T11:00:37 +0ms service=project directory=/tmp/opencode-test-t88rw83893 fromDirectory
INFO  2026-05-03T11:00:37 +23ms service=config path=/tmp/opencode-test-t88rw83893/opencode.jsonc loading
INFO  2026-05-03T11:00:37 +2ms service=config path=/tmp/opencode-test-t88rw83893/opencode.json loading
DEBUG 2026-05-03T11:00:37 +1ms service=config path=/home/mariu/projects/opendora/.opendora loading config from OPENCODE_CONFIG_DIR
DEBUG 2026-05-03T11:00:37 +1ms service=config loading config from /home/mariu/projects/opendora/.opendora/opendora.jsonc
INFO  2026-05-03T11:00:37 +0ms service=config path=/home/mariu/projects/opendora/.opendora/opendora.jsonc loading
DEBUG 2026-05-03T11:00:37 +0ms service=config loading config from /home/mariu/projects/opendora/.opendora/opendora.json
INFO  2026-05-03T11:00:37 +0ms service=config path=/home/mariu/projects/opendora/.opendora/opendora.json loading
WARN  2026-05-03T11:00:37 +105ms service=bun pkg=@opencode-ai/plugin cachedVersion=* Failed to resolve latest version, using cached
WARN  2026-05-03T11:00:37 +66ms service=bun pkg=@opencode-ai/plugin cachedVersion=* Failed to resolve latest version, using cached
WARN  2026-05-03T11:00:37 +102ms service=bun pkg=@opencode-ai/plugin cachedVersion=* Failed to resolve latest version, using cached
INFO  2026-05-03T11:00:37 +43ms service=default directory=/tmp/opencode-test-h2h46soqu8 creating instance
INFO  2026-05-03T11:00:37 +0ms service=project directory=/tmp/opencode-test-h2h46soqu8 fromDirectory
INFO  2026-05-03T11:00:37 +10ms service=config path=/tmp/opencode-test-h2h46soqu8/opencode.json loading
DEBUG 2026-05-03T11:00:37 +2ms service=config path=/home/mariu/projects/opendora/.opendora loading config from OPENCODE_CONFIG_DIR
DEBUG 2026-05-03T11:00:37 +0ms service=config loading config from /home/mariu/projects/opendora/.opendora/opendora.jsonc
INFO  2026-05-03T11:00:37 +0ms service=config path=/home/mariu/projects/opendora/.opendora/opendora.jsonc loading
WARN  2026-05-03T11:00:37 +1ms service=bun pkg=@opencode-ai/plugin cachedVersion=* Failed to resolve latest version, using cached
DEBUG 2026-05-03T11:00:37 +3ms service=config loading config from /home/mariu/projects/opendora/.opendora/opendora.json
INFO  2026-05-03T11:00:37 +0ms service=config path=/home/mariu/projects/opendora/.opendora/opendora.json loading
INFO  2026-05-03T11:00:38 +494ms service=default directory=/tmp/opencode-test-nbchb0dbdil creating instance
INFO  2026-05-03T11:00:38 +0ms service=project directory=/tmp/opencode-test-nbchb0dbdil fromDirectory
WARN  2026-05-03T11:00:38 +215ms service=bun pkg=@opencode-ai/plugin cachedVersion=* Failed to resolve latest version, using cached
DEBUG 2026-05-03T11:00:38 +19ms service=config url=https://example.com/.well-known/opencode fetching remote config
DEBUG 2026-05-03T11:00:38 +3ms service=config url=https://example.com loaded remote config from well-known
INFO  2026-05-03T11:00:38 +2ms service=config path=/tmp/opencode-test-nbchb0dbdil/opencode.json loading
DEBUG 2026-05-03T11:00:38 +25ms service=config path=/home/mariu/projects/opendora/.opendora loading config from OPENCODE_CONFIG_DIR
DEBUG 2026-05-03T11:00:38 +0ms service=config loading config from /home/mariu/projects/opendora/.opendora/opendora.jsonc
INFO  2026-05-03T11:00:38 +0ms service=config path=/home/mariu/projects/opendora/.opendora/opendora.jsonc loading
DEBUG 2026-05-03T11:00:38 +0ms service=config loading config from /home/mariu/projects/opendora/.opendora/opendora.json
INFO  2026-05-03T11:00:38 +0ms service=config path=/home/mariu/projects/opendora/.opendora/opendora.json loading
WARN  2026-05-03T11:00:38 +49ms service=bun pkg=@opencode-ai/plugin cachedVersion=* Failed to resolve latest version, using cached
WARN  2026-05-03T11:00:38 +2ms service=bun pkg=@opencode-ai/plugin cachedVersion=* Failed to resolve latest version, using cached
WARN  2026-05-03T11:00:38 +143ms service=bun pkg=@opencode-ai/plugin cachedVersion=* Failed to resolve latest version, using cached
INFO  2026-05-03T11:00:38 +64ms service=default directory=/tmp/opencode-test-3ten6yz7pbv/project creating instance
INFO  2026-05-03T11:00:38 +0ms service=project directory=/tmp/opencode-test-3ten6yz7pbv/project fromDirectory
INFO  2026-05-03T11:00:38 +21ms service=config path=/tmp/opencode-test-3ten6yz7pbv/opencode.json loading
DEBUG 2026-05-03T11:00:38 +3ms service=config path=/home/mariu/projects/opendora/.opendora loading config from OPENCODE_CONFIG_DIR
DEBUG 2026-05-03T11:00:38 +0ms service=config loading config from /home/mariu/projects/opendora/.opendora/opendora.jsonc
INFO  2026-05-03T11:00:38 +0ms service=config path=/home/mariu/projects/opendora/.opendora/opendora.jsonc loading
DEBUG 2026-05-03T11:00:38 +33ms service=config loading config from /home/mariu/projects/opendora/.opendora/opendora.json
INFO  2026-05-03T11:00:38 +0ms service=config path=/home/mariu/projects/opendora/.opendora/opendora.json loading
WARN  2026-05-03T11:00:38 +65ms service=bun pkg=@opencode-ai/plugin cachedVersion=* Failed to resolve latest version, using cached
WARN  2026-05-03T11:00:38 +162ms service=bun pkg=@opencode-ai/plugin cachedVersion=* Failed to resolve latest version, using cached
INFO  2026-05-03T11:00:38 +15ms service=default directory=/tmp/opencode-test-fjfkfhg98he creating instance
INFO  2026-05-03T11:00:38 +0ms service=project directory=/tmp/opencode-test-fjfkfhg98he fromDirectory
WARN  2026-05-03T11:00:38 +22ms service=bun pkg=@opencode-ai/plugin cachedVersion=* Failed to resolve latest version, using cached
DEBUG 2026-05-03T11:00:38 +17ms service=config path=/home/mariu/projects/opendora/.opendora loading config from OPENCODE_CONFIG_DIR
DEBUG 2026-05-03T11:00:38 +0ms service=config loading config from /home/mariu/projects/opendora/.opendora/opendora.jsonc
INFO  2026-05-03T11:00:38 +0ms service=config path=/home/mariu/projects/opendora/.opendora/opendora.jsonc loading
DEBUG 2026-05-03T11:00:38 +0ms service=config loading config from /home/mariu/projects/opendora/.opendora/opendora.json
INFO  2026-05-03T11:00:38 +0ms service=config path=/home/mariu/projects/opendora/.opendora/opendora.json loading
INFO  2026-05-03T11:00:39 +163ms service=default directory=/tmp/opencode-test-phsijvkv4n creating instance
INFO  2026-05-03T11:00:39 +0ms service=project directory=/tmp/opencode-test-phsijvkv4n fromDirectory
DEBUG 2026-05-03T11:00:39 +8ms service=config path=/home/mariu/projects/opendora/.opendora loading config from OPENCODE_CONFIG_DIR
DEBUG 2026-05-03T11:00:39 +0ms service=config loading config from /home/mariu/projects/opendora/.opendora/opendora.jsonc
INFO  2026-05-03T11:00:39 +0ms service=config path=/home/mariu/projects/opendora/.opendora/opendora.jsonc loading
DEBUG 2026-05-03T11:00:39 +11ms service=config loading config from /home/mariu/projects/opendora/.opendora/opendora.json
INFO  2026-05-03T11:00:39 +0ms service=config path=/home/mariu/projects/opendora/.opendora/opendora.json loading
INFO  2026-05-03T11:00:39 +154ms service=default directory=/tmp/opencode-test-usq0db483n creating instance
INFO  2026-05-03T11:00:39 +0ms service=project directory=/tmp/opencode-test-usq0db483n fromDirectory
DEBUG 2026-05-03T11:00:39 +7ms service=config path=/home/mariu/projects/opendora/.opendora loading config from OPENCODE_CONFIG_DIR
DEBUG 2026-05-03T11:00:39 +0ms service=config loading config from /home/mariu/projects/opendora/.opendora/opendora.jsonc
INFO  2026-05-03T11:00:39 +0ms service=config path=/home/mariu/projects/opendora/.opendora/opendora.jsonc loading
DEBUG 2026-05-03T11:00:39 +1ms service=config loading config from /home/mariu/projects/opendora/.opendora/opendora.json
INFO  2026-05-03T11:00:39 +0ms service=config path=/home/mariu/projects/opendora/.opendora/opendora.json loading
INFO  2026-05-03T11:00:39 +232ms service=default directory=/tmp/opencode-test-z0cfuzlcyf creating instance
INFO  2026-05-03T11:00:39 +1ms service=project directory=/tmp/opencode-test-z0cfuzlcyf fromDirectory
DEBUG 2026-05-03T11:00:39 +19ms service=config loading config from /home/mariu/projects/opendora/.opendora/opendora.jsonc
INFO  2026-05-03T11:00:39 +0ms service=config path=/home/mariu/projects/opendora/.opendora/opendora.jsonc loading
DEBUG 2026-05-03T11:00:39 +1ms service=config loading config from /home/mariu/projects/opendora/.opendora/opendora.json
INFO  2026-05-03T11:00:39 +0ms service=config path=/home/mariu/projects/opendora/.opendora/opendora.json loading
WARN  2026-05-03T11:00:39 +62ms service=bun pkg=@opencode-ai/plugin cachedVersion=* Failed to resolve latest version, using cached
WARN  2026-05-03T11:00:39 +127ms service=bun pkg=@opencode-ai/plugin cachedVersion=* Failed to resolve latest version, using cached
INFO  2026-05-03T11:00:39 +37ms service=default directory=/tmp/opencode-test-fj0buzue6yp creating instance
INFO  2026-05-03T11:00:39 +0ms service=project directory=/tmp/opencode-test-fj0buzue6yp fromDirectory
DEBUG 2026-05-03T11:00:39 +20ms service=config path=/tmp/opencode-test-ggvqqqa0t2j loading config from OPENCODE_CONFIG_DIR
DEBUG 2026-05-03T11:00:39 +1ms service=config loading config from /home/mariu/projects/opendora/.opendora/opendora.jsonc
INFO  2026-05-03T11:00:39 +0ms service=config path=/home/mariu/projects/opendora/.opendora/opendora.jsonc loading
DEBUG 2026-05-03T11:00:39 +12ms service=config loading config from /home/mariu/projects/opendora/.opendora/opendora.json
INFO  2026-05-03T11:00:39 +0ms service=config path=/home/mariu/projects/opendora/.opendora/opendora.json loading
DEBUG 2026-05-03T11:00:39 +113ms service=config loading config from /tmp/opencode-test-ggvqqqa0t2j/opendora.jsonc
INFO  2026-05-03T11:00:39 +1ms service=config path=/tmp/opencode-test-ggvqqqa0t2j/opendora.jsonc loading
DEBUG 2026-05-03T11:00:39 +0ms service=config loading config from /tmp/opencode-test-ggvqqqa0t2j/opendora.json
INFO  2026-05-03T11:00:39 +0ms service=config path=/tmp/opencode-test-ggvqqqa0t2j/opendora.json loading
INFO  2026-05-03T11:00:39 +17ms service=bun cmd=["/home/mariu/.bun/bin/bun","install"] cwd=/tmp/opencode-test-ggvqqqa0t2j running
WARN  2026-05-03T11:00:39 +41ms service=bun pkg=@opencode-ai/plugin cachedVersion=* Failed to resolve latest version, using cached
INFO  2026-05-03T11:00:40 +74ms service=default directory=/tmp/opencode-test-b3dyku879y creating instance
INFO  2026-05-03T11:00:40 +0ms service=project directory=/tmp/opencode-test-b3dyku879y fromDirectory
DEBUG 2026-05-03T11:00:40 +17ms service=config path=/home/mariu/projects/opendora/.opendora loading config from OPENCODE_CONFIG_DIR
DEBUG 2026-05-03T11:00:40 +0ms service=config loading config from /home/mariu/projects/opendora/.opendora/opendora.jsonc
INFO  2026-05-03T11:00:40 +0ms service=config path=/home/mariu/projects/opendora/.opendora/opendora.jsonc loading
DEBUG 2026-05-03T11:00:40 +0ms service=config loading config from /home/mariu/projects/opendora/.opendora/opendora.json
INFO  2026-05-03T11:00:40 +1ms service=config path=/home/mariu/projects/opendora/.opendora/opendora.json loading
DEBUG 2026-05-03T11:00:40 +155ms service=config loaded custom config from OPENCODE_CONFIG_CONTENT
INFO  2026-05-03T11:00:40 +110ms service=default directory=/tmp/opencode-test-1femu86s9eq creating instance
INFO  2026-05-03T11:00:40 +0ms service=project directory=/tmp/opencode-test-1femu86s9eq fromDirectory
DEBUG 2026-05-03T11:00:40 +12ms service=config path=/home/mariu/projects/opendora/.opendora loading config from OPENCODE_CONFIG_DIR
DEBUG 2026-05-03T11:00:40 +0ms service=config loading config from /home/mariu/projects/opendora/.opendora/opendora.jsonc
INFO  2026-05-03T11:00:40 +0ms service=config path=/home/mariu/projects/opendora/.opendora/opendora.jsonc loading
DEBUG 2026-05-03T11:00:40 +0ms service=config loading config from /home/mariu/projects/opendora/.opendora/opendora.json
INFO  2026-05-03T11:00:40 +1ms service=config path=/home/mariu/projects/opendora/.opendora/opendora.json loading
WARN  2026-05-03T11:00:40 +395ms service=bun pkg=@opencode-ai/plugin cachedVersion=* Failed to resolve latest version, using cached
DEBUG 2026-05-03T11:00:40 +10ms service=config loaded custom config from OPENCODE_CONFIG_CONTENT
WARN  2026-05-03T11:00:40 +135ms service=bun pkg=@opencode-ai/plugin cachedVersion=* Failed to resolve latest version, using cached
INFO  2026-05-03T11:00:41 +200ms service=bun code=0 stdout= stderr= done
INFO  2026-05-03T11:00:41 +10ms service=default directory=/tmp/opencode-test-mk4mvl6j7g creating instance
INFO  2026-05-03T11:00:41 +1ms service=project directory=/tmp/opencode-test-mk4mvl6j7g fromDirectory
DEBUG 2026-05-03T11:00:41 +71ms service=config path=/home/mariu/projects/opendora/.opendora loading config from OPENCODE_CONFIG_DIR
DEBUG 2026-05-03T11:00:41 +0ms service=config loading config from /home/mariu/projects/opendora/.opendora/opendora.jsonc
INFO  2026-05-03T11:00:41 +0ms service=config path=/home/mariu/projects/opendora/.opendora/opendora.jsonc loading
DEBUG 2026-05-03T11:00:41 +4ms service=config loading config from /home/mariu/projects/opendora/.opendora/opendora.json
INFO  2026-05-03T11:00:41 +13ms service=config path=/home/mariu/projects/opendora/.opendora/opendora.json loading
WARN  2026-05-03T11:00:41 +52ms service=bun pkg=@opencode-ai/plugin cachedVersion=* Failed to resolve latest version, using cached
INFO  2026-05-03T11:00:41 +130ms service=snapshot initialized
WARN  2026-05-03T11:00:41 +34ms service=bun pkg=@opencode-ai/plugin cachedVersion=* Failed to resolve latest version, using cached
INFO  2026-05-03T11:00:41 +22ms service=snapshot hash=a9ca5a4ab2e3cdee3b6529d0f5787de4c76528c3
 cwd=/tmp/opencode-test-mk4mvl6j7g git=/home/mariu/projects/opendora/.opendora/storage/snapshot/6e44fd69ddcda00aa2277147049d58a3473ecf09 tracking
INFO  2026-05-03T11:00:41 +202ms service=default directory=/tmp/opencode-test-g7okyq1zhit creating instance
INFO  2026-05-03T11:00:41 +1ms service=project directory=/tmp/opencode-test-g7okyq1zhit fromDirectory
WARN  2026-05-03T11:00:41 +21ms service=bun pkg=@opencode-ai/plugin cachedVersion=* Failed to resolve latest version, using cached
DEBUG 2026-05-03T11:00:41 +59ms service=config path=/home/mariu/projects/opendora/.opendora loading config from OPENCODE_CONFIG_DIR
DEBUG 2026-05-03T11:00:41 +0ms service=config loading config from /home/mariu/projects/opendora/.opendora/opendora.jsonc
INFO  2026-05-03T11:00:41 +0ms service=config path=/home/mariu/projects/opendora/.opendora/opendora.jsonc loading
DEBUG 2026-05-03T11:00:41 +15ms service=config loading config from /home/mariu/projects/opendora/.opendora/opendora.json
INFO  2026-05-03T11:00:41 +0ms service=config path=/home/mariu/projects/opendora/.opendora/opendora.json loading
INFO  2026-05-03T11:00:42 +294ms service=snapshot initialized
INFO  2026-05-03T11:00:42 +120ms service=snapshot hash=f60bd3198ba07f934b208fc9476f8d87f13442f1
 cwd=/tmp/opencode-test-g7okyq1zhit git=/home/mariu/projects/opendora/.opendora/storage/snapshot/471a9a6898a11139b7c6c22206800f4ef8b9a9c6 tracking
WARN  2026-05-03T11:00:42 +2ms service=bun pkg=@opencode-ai/plugin cachedVersion=* Failed to resolve latest version, using cached
INFO  2026-05-03T11:00:42 +52ms service=snapshot file=/tmp/opencode-test-g7okyq1zhit/new.txt hash=f60bd3198ba07f934b208fc9476f8d87f13442f1 reverting
INFO  2026-05-03T11:00:42 +31ms service=snapshot file=/tmp/opencode-test-g7okyq1zhit/new.txt file did not exist in snapshot, deleting
WARN  2026-05-03T11:00:42 +40ms service=bun pkg=@opencode-ai/plugin cachedVersion=* Failed to resolve latest version, using cached
WARN  2026-05-03T11:00:42 +1ms service=bun pkg=@opencode-ai/plugin cachedVersion=* Failed to resolve latest version, using cached
INFO  2026-05-03T11:00:42 +119ms service=default directory=/tmp/opencode-test-2jlz3lf4yc2 creating instance
INFO  2026-05-03T11:00:42 +1ms service=project directory=/tmp/opencode-test-2jlz3lf4yc2 fromDirectory
DEBUG 2026-05-03T11:00:42 +97ms service=config path=/home/mariu/projects/opendora/.opendora loading config from OPENCODE_CONFIG_DIR
DEBUG 2026-05-03T11:00:42 +0ms service=config loading config from /home/mariu/projects/opendora/.opendora/opendora.jsonc
INFO  2026-05-03T11:00:42 +0ms service=config path=/home/mariu/projects/opendora/.opendora/opendora.jsonc loading
DEBUG 2026-05-03T11:00:42 +1ms service=config loading config from /home/mariu/projects/opendora/.opendora/opendora.json
INFO  2026-05-03T11:00:42 +3ms service=config path=/home/mariu/projects/opendora/.opendora/opendora.json loading
WARN  2026-05-03T11:00:42 +147ms service=bun pkg=@opencode-ai/plugin cachedVersion=* Failed to resolve latest version, using cached
INFO  2026-05-03T11:00:42 +155ms service=snapshot initialized
INFO  2026-05-03T11:00:42 +53ms service=snapshot hash=6aa852ba1058fbed0644a6a21e233e74faf74beb
 cwd=/tmp/opencode-test-2jlz3lf4yc2 git=/home/mariu/projects/opendora/.opendora/storage/snapshot/0582de52f8df1fa66e867057764a7bbc91c14f75 tracking
INFO  2026-05-03T11:00:42 +82ms service=snapshot file=/tmp/opencode-test-2jlz3lf4yc2/sub/file.txt hash=6aa852ba1058fbed0644a6a21e233e74faf74beb reverting
INFO  2026-05-03T11:00:42 +31ms service=snapshot file=/tmp/opencode-test-2jlz3lf4yc2/sub/file.txt file did not exist in snapshot, deleting
WARN  2026-05-03T11:00:43 +67ms service=bun pkg=@opencode-ai/plugin cachedVersion=* Failed to resolve latest version, using cached
INFO  2026-05-03T11:00:43 +32ms service=default directory=/tmp/opencode-test-rp26qn1qr6 creating instance
INFO  2026-05-03T11:00:43 +0ms service=project directory=/tmp/opencode-test-rp26qn1qr6 fromDirectory
DEBUG 2026-05-03T11:00:43 +56ms service=config path=/home/mariu/projects/opendora/.opendora loading config from OPENCODE_CONFIG_DIR
DEBUG 2026-05-03T11:00:43 +0ms service=config loading config from /home/mariu/projects/opendora/.opendora/opendora.jsonc
INFO  2026-05-03T11:00:43 +0ms service=config path=/home/mariu/projects/opendora/.opendora/opendora.jsonc loading
DEBUG 2026-05-03T11:00:43 +0ms service=config loading config from /home/mariu/projects/opendora/.opendora/opendora.json
INFO  2026-05-03T11:00:43 +0ms service=config path=/home/mariu/projects/opendora/.opendora/opendora.json loading
INFO  2026-05-03T11:00:43 +148ms service=snapshot initialized
WARN  2026-05-03T11:00:43 +20ms service=bun pkg=@opencode-ai/plugin cachedVersion=* Failed to resolve latest version, using cached
INFO  2026-05-03T11:00:43 +14ms service=snapshot hash=e472681aa63a9164efcb330d8fe03afbfbc106d7
 cwd=/tmp/opencode-test-rp26qn1qr6 git=/home/mariu/projects/opendora/.opendora/storage/snapshot/b7291de78c7771f1034c5ea725bdcc2a7c0deeb5 tracking
INFO  2026-05-03T11:00:43 +38ms service=snapshot file=/tmp/opencode-test-rp26qn1qr6/a.txt hash=e472681aa63a9164efcb330d8fe03afbfbc106d7 reverting
INFO  2026-05-03T11:00:43 +14ms service=snapshot file=/tmp/opencode-test-rp26qn1qr6/b.txt hash=e472681aa63a9164efcb330d8fe03afbfbc106d7 reverting
INFO  2026-05-03T11:00:43 +14ms service=snapshot file=/tmp/opencode-test-rp26qn1qr6/c.txt hash=e472681aa63a9164efcb330d8fe03afbfbc106d7 reverting
INFO  2026-05-03T11:00:43 +31ms service=snapshot file=/tmp/opencode-test-rp26qn1qr6/c.txt file did not exist in snapshot, deleting
INFO  2026-05-03T11:00:43 +0ms service=snapshot file=/tmp/opencode-test-rp26qn1qr6/dir/d.txt hash=e472681aa63a9164efcb330d8fe03afbfbc106d7 reverting
INFO  2026-05-03T11:00:43 +23ms service=snapshot file=/tmp/opencode-test-rp26qn1qr6/dir/d.txt file did not exist in snapshot, deleting
INFO  2026-05-03T11:00:43 +68ms service=default directory=/tmp/opencode-test-3xeln2bbp7w creating instance
INFO  2026-05-03T11:00:43 +0ms service=project directory=/tmp/opencode-test-3xeln2bbp7w fromDirectory
DEBUG 2026-05-03T11:00:43 +38ms service=config path=/home/mariu/projects/opendora/.opendora loading config from OPENCODE_CONFIG_DIR
DEBUG 2026-05-03T11:00:43 +0ms service=config loading config from /home/mariu/projects/opendora/.opendora/opendora.jsonc
INFO  2026-05-03T11:00:43 +0ms service=config path=/home/mariu/projects/opendora/.opendora/opendora.jsonc loading
DEBUG 2026-05-03T11:00:43 +0ms service=config loading config from /home/mariu/projects/opendora/.opendora/opendora.json
INFO  2026-05-03T11:00:43 +0ms service=config path=/home/mariu/projects/opendora/.opendora/opendora.json loading
WARN  2026-05-03T11:00:43 +148ms service=bun pkg=@opencode-ai/plugin cachedVersion=* Failed to resolve latest version, using cached
INFO  2026-05-03T11:00:43 +12ms service=snapshot initialized
INFO  2026-05-03T11:00:43 +38ms service=snapshot hash=b51c137a7702ae313288de3ef2fff7feea4c928e
 cwd=/tmp/opencode-test-3xeln2bbp7w git=/home/mariu/projects/opendora/.opendora/storage/snapshot/698682afceb0f8e523c0b8d8cd5a3bd33cc5d500 tracking
INFO  2026-05-03T11:00:43 +108ms service=default directory=/tmp/opencode-test-i8f87ur0cg creating instance
INFO  2026-05-03T11:00:43 +0ms service=project directory=/tmp/opencode-test-i8f87ur0cg fromDirectory
DEBUG 2026-05-03T11:00:43 +53ms service=config path=/home/mariu/projects/opendora/.opendora loading config from OPENCODE_CONFIG_DIR
DEBUG 2026-05-03T11:00:43 +0ms service=config loading config from /home/mariu/projects/opendora/.opendora/opendora.jsonc
INFO  2026-05-03T11:00:43 +0ms service=config path=/home/mariu/projects/opendora/.opendora/opendora.jsonc loading
DEBUG 2026-05-03T11:00:43 +1ms service=config loading config from /home/mariu/projects/opendora/.opendora/opendora.json
INFO  2026-05-03T11:00:43 +0ms service=config path=/home/mariu/projects/opendora/.opendora/opendora.json loading
INFO  2026-05-03T11:00:44 +125ms service=snapshot initialized
INFO  2026-05-03T11:00:44 +43ms service=snapshot hash=4ef10f84667f6a981028dfc57cb1f1ef506b75c0
 cwd=/tmp/opencode-test-i8f87ur0cg git=/home/mariu/projects/opendora/.opendora/storage/snapshot/7d96a28e136d86b9344cc6d46c293a5c50c89e80 tracking
INFO  2026-05-03T11:00:44 +45ms service=snapshot file=/tmp/opencode-test-i8f87ur0cg/image.png hash=4ef10f84667f6a981028dfc57cb1f1ef506b75c0 reverting
INFO  2026-05-03T11:00:44 +30ms service=snapshot file=/tmp/opencode-test-i8f87ur0cg/image.png file did not exist in snapshot, deleting
INFO  2026-05-03T11:00:44 +83ms service=default directory=/tmp/opencode-test-vtpkljwqoy creating instance
INFO  2026-05-03T11:00:44 +0ms service=project directory=/tmp/opencode-test-vtpkljwqoy fromDirectory
DEBUG 2026-05-03T11:00:44 +70ms service=config path=/home/mariu/projects/opendora/.opendora loading config from OPENCODE_CONFIG_DIR
DEBUG 2026-05-03T11:00:44 +1ms service=config loading config from /home/mariu/projects/opendora/.opendora/opendora.jsonc
INFO  2026-05-03T11:00:44 +0ms service=config path=/home/mariu/projects/opendora/.opendora/opendora.jsonc loading
DEBUG 2026-05-03T11:00:44 +0ms service=config loading config from /home/mariu/projects/opendora/.opendora/opendora.json
INFO  2026-05-03T11:00:44 +0ms service=config path=/home/mariu/projects/opendora/.opendora/opendora.json loading
WARN  2026-05-03T11:00:44 +4ms service=bun pkg=@opencode-ai/plugin cachedVersion=* Failed to resolve latest version, using cached
INFO  2026-05-03T11:00:44 +171ms service=snapshot initialized
INFO  2026-05-03T11:00:44 +66ms service=snapshot hash=1eec61c05bb7c81db8bc942c6a4ff210881f33a0
 cwd=/tmp/opencode-test-vtpkljwqoy git=/home/mariu/projects/opendora/.opendora/storage/snapshot/986aed4523d5f07451e0c31ebef0274874b79309 tracking
INFO  2026-05-03T11:00:44 +115ms service=default directory=/tmp/opencode-test-r5wp69dbhgd creating instance
INFO  2026-05-03T11:00:44 +0ms service=project directory=/tmp/opencode-test-r5wp69dbhgd fromDirectory
WARN  2026-05-03T11:00:44 +20ms service=bun pkg=@opencode-ai/plugin cachedVersion=* Failed to resolve latest version, using cached
DEBUG 2026-05-03T11:00:44 +50ms service=config path=/home/mariu/projects/opendora/.opendora loading config from OPENCODE_CONFIG_DIR
DEBUG 2026-05-03T11:00:44 +0ms service=config loading config from /home/mariu/projects/opendora/.opendora/opendora.jsonc
INFO  2026-05-03T11:00:44 +0ms service=config path=/home/mariu/projects/opendora/.opendora/opendora.jsonc loading
DEBUG 2026-05-03T11:00:44 +0ms service=config loading config from /home/mariu/projects/opendora/.opendora/opendora.json
INFO  2026-05-03T11:00:44 +0ms service=config path=/home/mariu/projects/opendora/.opendora/opendora.json loading
INFO  2026-05-03T11:00:44 +150ms service=snapshot initialized
INFO  2026-05-03T11:00:44 +71ms service=snapshot hash=0b44b84ecdf4aa54fe61b8c7df9e262839b8fc48
 cwd=/tmp/opencode-test-r5wp69dbhgd git=/home/mariu/projects/opendora/.opendora/storage/snapshot/113fd6f292a02de830ea094a8eb61853595b95d3 tracking
INFO  2026-05-03T11:00:45 +261ms service=default directory=/tmp/opencode-test-pztqlt8xuc creating instance
INFO  2026-05-03T11:00:45 +0ms service=project directory=/tmp/opencode-test-pztqlt8xuc fromDirectory
DEBUG 2026-05-03T11:00:45 +114ms service=config path=/home/mariu/projects/opendora/.opendora loading config from OPENCODE_CONFIG_DIR
DEBUG 2026-05-03T11:00:45 +0ms service=config loading config from /home/mariu/projects/opendora/.opendora/opendora.jsonc
INFO  2026-05-03T11:00:45 +0ms service=config path=/home/mariu/projects/opendora/.opendora/opendora.jsonc loading
DEBUG 2026-05-03T11:00:45 +17ms service=config loading config from /home/mariu/projects/opendora/.opendora/opendora.json
INFO  2026-05-03T11:00:45 +0ms service=config path=/home/mariu/projects/opendora/.opendora/opendora.json loading
WARN  2026-05-03T11:00:45 +11ms service=bun pkg=@opencode-ai/plugin cachedVersion=* Failed to resolve latest version, using cached
INFO  2026-05-03T11:00:45 +272ms service=snapshot initialized
INFO  2026-05-03T11:00:45 +46ms service=snapshot hash=cd4263727ab2e14eaf2e66aed431ad488721681b
 cwd=/tmp/opencode-test-pztqlt8xuc git=/home/mariu/projects/opendora/.opendora/storage/snapshot/ef8ee64f9a7fe0370128171bbe686db05642d0e8 tracking
INFO  2026-05-03T11:00:45 +55ms service=snapshot file=/tmp/opencode-test-pztqlt8xuc/level1/level2/level3/deep.txt hash=cd4263727ab2e14eaf2e66aed431ad488721681b reverting
INFO  2026-05-03T11:00:45 +33ms service=snapshot file=/tmp/opencode-test-pztqlt8xuc/level1/level2/level3/deep.txt file did not exist in snapshot, deleting
INFO  2026-05-03T11:00:45 +129ms service=default directory=/tmp/opencode-test-huujip4r8om creating instance
INFO  2026-05-03T11:00:45 +0ms service=project directory=/tmp/opencode-test-huujip4r8om fromDirectory
DEBUG 2026-05-03T11:00:45 +73ms service=config path=/home/mariu/projects/opendora/.opendora loading config from OPENCODE_CONFIG_DIR
DEBUG 2026-05-03T11:00:45 +0ms service=config loading config from /home/mariu/projects/opendora/.opendora/opendora.jsonc
INFO  2026-05-03T11:00:45 +0ms service=config path=/home/mariu/projects/opendora/.opendora/opendora.jsonc loading
DEBUG 2026-05-03T11:00:45 +1ms service=config loading config from /home/mariu/projects/opendora/.opendora/opendora.json
INFO  2026-05-03T11:00:45 +0ms service=config path=/home/mariu/projects/opendora/.opendora/opendora.json loading
WARN  2026-05-03T11:00:46 +81ms service=bun pkg=@opencode-ai/plugin cachedVersion=* Failed to resolve latest version, using cached
INFO  2026-05-03T11:00:46 +91ms service=snapshot initialized
INFO  2026-05-03T11:00:46 +52ms service=snapshot hash=50d62f0019f35bae9a19c66017502006b893c231
 cwd=/tmp/opencode-test-huujip4r8om git=/home/mariu/projects/opendora/.opendora/storage/snapshot/cf59a29ba3ba27b9f73f28758d397646c4c0986a tracking
INFO  2026-05-03T11:00:46 +170ms service=default directory=/tmp/opencode-test-r88dvzvuib creating instance
INFO  2026-05-03T11:00:46 +0ms service=project directory=/tmp/opencode-test-r88dvzvuib fromDirectory
WARN  2026-05-03T11:00:46 +31ms service=bun pkg=@opencode-ai/plugin cachedVersion=* Failed to resolve latest version, using cached
INFO  2026-05-03T11:00:46 +100ms service=default directory=/tmp/opencode-test-kced99jumg creating instance
INFO  2026-05-03T11:00:46 +0ms service=project directory=/tmp/opencode-test-kced99jumg fromDirectory
DEBUG 2026-05-03T11:00:46 +52ms service=config path=/home/mariu/projects/opendora/.opendora loading config from OPENCODE_CONFIG_DIR
DEBUG 2026-05-03T11:00:46 +0ms service=config loading config from /home/mariu/projects/opendora/.opendora/opendora.jsonc
INFO  2026-05-03T11:00:46 +0ms service=config path=/home/mariu/projects/opendora/.opendora/opendora.jsonc loading
DEBUG 2026-05-03T11:00:46 +11ms service=config loading config from /home/mariu/projects/opendora/.opendora/opendora.json
INFO  2026-05-03T11:00:46 +0ms service=config path=/home/mariu/projects/opendora/.opendora/opendora.json loading
WARN  2026-05-03T11:00:46 +97ms service=bun pkg=@opencode-ai/plugin cachedVersion=* Failed to resolve latest version, using cached
INFO  2026-05-03T11:00:46 +18ms service=snapshot initialized
INFO  2026-05-03T11:00:46 +31ms service=snapshot hash=34f4b001f8205a1c93f5ef371a3896adb45134db
 cwd=/tmp/opencode-test-kced99jumg git=/home/mariu/projects/opendora/.opendora/storage/snapshot/bf534579c64420bda361e47d9c8c3c1f7ec9a8ae tracking
WARN  2026-05-03T11:00:46 +23ms service=snapshot hash=invalid-hash-12345 exitCode=128 failed to get diff
INFO  2026-05-03T11:00:46 +71ms service=default directory=/tmp/opencode-test-n4pn15w401g creating instance
INFO  2026-05-03T11:00:46 +0ms service=project directory=/tmp/opencode-test-n4pn15w401g fromDirectory
DEBUG 2026-05-03T11:00:46 +35ms service=config path=/home/mariu/projects/opendora/.opendora loading config from OPENCODE_CONFIG_DIR
DEBUG 2026-05-03T11:00:46 +0ms service=config loading config from /home/mariu/projects/opendora/.opendora/opendora.jsonc
INFO  2026-05-03T11:00:46 +0ms service=config path=/home/mariu/projects/opendora/.opendora/opendora.jsonc loading
DEBUG 2026-05-03T11:00:46 +1ms service=config loading config from /home/mariu/projects/opendora/.opendora/opendora.json
INFO  2026-05-03T11:00:46 +0ms service=config path=/home/mariu/projects/opendora/.opendora/opendora.json loading
INFO  2026-05-03T11:00:46 +123ms service=snapshot initialized
INFO  2026-05-03T11:00:46 +36ms service=snapshot hash=c8ce6bed9de495b6fb00f2252a1f651eab067ddb
 cwd=/tmp/opencode-test-n4pn15w401g git=/home/mariu/projects/opendora/.opendora/storage/snapshot/9540688410d98cb92fc04a7109a3600ba249d56f tracking
INFO  2026-05-03T11:00:46 +0ms service=snapshot file=/tmp/opencode-test-n4pn15w401g/nonexistent.txt hash=c8ce6bed9de495b6fb00f2252a1f651eab067ddb reverting
INFO  2026-05-03T11:00:46 +34ms service=snapshot file=/tmp/opencode-test-n4pn15w401g/nonexistent.txt file did not exist in snapshot, deleting
INFO  2026-05-03T11:00:47 +88ms service=default directory=/tmp/opencode-test-udo6aov1vus creating instance
INFO  2026-05-03T11:00:47 +0ms service=project directory=/tmp/opencode-test-udo6aov1vus fromDirectory
WARN  2026-05-03T11:00:47 +24ms service=bun pkg=@opencode-ai/plugin cachedVersion=* Failed to resolve latest version, using cached
DEBUG 2026-05-03T11:00:47 +64ms service=config path=/home/mariu/projects/opendora/.opendora loading config from OPENCODE_CONFIG_DIR
DEBUG 2026-05-03T11:00:47 +0ms service=config loading config from /home/mariu/projects/opendora/.opendora/opendora.jsonc
INFO  2026-05-03T11:00:47 +0ms service=config path=/home/mariu/projects/opendora/.opendora/opendora.jsonc loading
DEBUG 2026-05-03T11:00:47 +0ms service=config loading config from /home/mariu/projects/opendora/.opendora/opendora.json
INFO  2026-05-03T11:00:47 +0ms service=config path=/home/mariu/projects/opendora/.opendora/opendora.json loading
INFO  2026-05-03T11:00:47 +150ms service=snapshot initialized
INFO  2026-05-03T11:00:47 +47ms service=snapshot hash=7b99707fcbcf64f6ec142f8a56658b81f36b8760
 cwd=/tmp/opencode-test-udo6aov1vus git=/home/mariu/projects/opendora/.opendora/storage/snapshot/e78fc8ebb5a5cf3aec8306aafe6dd1dd83ba406c tracking
INFO  2026-05-03T11:00:47 +51ms service=snapshot file=/tmp/opencode-test-udo6aov1vus/café.txt hash=7b99707fcbcf64f6ec142f8a56658b81f36b8760 reverting
INFO  2026-05-03T11:00:47 +32ms service=snapshot file=/tmp/opencode-test-udo6aov1vus/café.txt file did not exist in snapshot, deleting
INFO  2026-05-03T11:00:47 +0ms service=snapshot file=/tmp/opencode-test-udo6aov1vus/файл.txt hash=7b99707fcbcf64f6ec142f8a56658b81f36b8760 reverting
INFO  2026-05-03T11:00:47 +30ms service=snapshot file=/tmp/opencode-test-udo6aov1vus/файл.txt file did not exist in snapshot, deleting
INFO  2026-05-03T11:00:47 +1ms service=snapshot file=/tmp/opencode-test-udo6aov1vus/文件.txt hash=7b99707fcbcf64f6ec142f8a56658b81f36b8760 reverting
INFO  2026-05-03T11:00:47 +36ms service=snapshot file=/tmp/opencode-test-udo6aov1vus/文件.txt file did not exist in snapshot, deleting
INFO  2026-05-03T11:00:47 +1ms service=snapshot file=/tmp/opencode-test-udo6aov1vus/🚀rocket.txt hash=7b99707fcbcf64f6ec142f8a56658b81f36b8760 reverting
INFO  2026-05-03T11:00:47 +27ms service=snapshot file=/tmp/opencode-test-udo6aov1vus/🚀rocket.txt file did not exist in snapshot, deleting
INFO  2026-05-03T11:00:47 +84ms service=default directory=/tmp/opencode-test-lvya6qi2mm creating instance
INFO  2026-05-03T11:00:47 +0ms service=project directory=/tmp/opencode-test-lvya6qi2mm fromDirectory
DEBUG 2026-05-03T11:00:47 +40ms service=config path=/home/mariu/projects/opendora/.opendora loading config from OPENCODE_CONFIG_DIR
DEBUG 2026-05-03T11:00:47 +0ms service=config loading config from /home/mariu/projects/opendora/.opendora/opendora.jsonc
INFO  2026-05-03T11:00:47 +0ms service=config path=/home/mariu/projects/opendora/.opendora/opendora.jsonc loading
DEBUG 2026-05-03T11:00:47 +0ms service=config loading config from /home/mariu/projects/opendora/.opendora/opendora.json
INFO  2026-05-03T11:00:47 +0ms service=config path=/home/mariu/projects/opendora/.opendora/opendora.json loading
WARN  2026-05-03T11:00:47 +84ms service=bun pkg=@opencode-ai/plugin cachedVersion=* Failed to resolve latest version, using cached
INFO  2026-05-03T11:00:47 +85ms service=snapshot initialized
INFO  2026-05-03T11:00:47 +43ms service=snapshot hash=5fb28011eb01fbc8fa98b69253a1415e09fee753
 cwd=/tmp/opencode-test-lvya6qi2mm git=/home/mariu/projects/opendora/.opendora/storage/snapshot/e1c0d0d53241b5a3a126b485ac1d7abc9edeb220 tracking
INFO  2026-05-03T11:00:47 +40ms service=snapshot file=/tmp/opencode-test-lvya6qi2mm/目录/подкаталог/文件.txt hash=5fb28011eb01fbc8fa98b69253a1415e09fee753 reverting
INFO  2026-05-03T11:00:47 +18ms service=snapshot file=/tmp/opencode-test-lvya6qi2mm/目录/подкаталог/文件.txt file did not exist in snapshot, deleting
WARN  2026-05-03T11:00:47 +25ms service=bun pkg=@opencode-ai/plugin cachedVersion=* Failed to resolve latest version, using cached
INFO  2026-05-03T11:00:48 +54ms service=default directory=/tmp/opencode-test-uhau7l5y9wp creating instance
INFO  2026-05-03T11:00:48 +0ms service=project directory=/tmp/opencode-test-uhau7l5y9wp fromDirectory
DEBUG 2026-05-03T11:00:48 +72ms service=config path=/home/mariu/projects/opendora/.opendora loading config from OPENCODE_CONFIG_DIR
DEBUG 2026-05-03T11:00:48 +0ms service=config loading config from /home/mariu/projects/opendora/.opendora/opendora.jsonc
INFO  2026-05-03T11:00:48 +0ms service=config path=/home/mariu/projects/opendora/.opendora/opendora.jsonc loading
DEBUG 2026-05-03T11:00:48 +0ms service=config loading config from /home/mariu/projects/opendora/.opendora/opendora.json
INFO  2026-05-03T11:00:48 +0ms service=config path=/home/mariu/projects/opendora/.opendora/opendora.json loading
INFO  2026-05-03T11:00:48 +167ms service=snapshot initialized
INFO  2026-05-03T11:00:48 +48ms service=snapshot hash=6a97bb40622b1e2701904b6099e3b5d1633fe6fd
 cwd=/tmp/opencode-test-uhau7l5y9wp git=/home/mariu/projects/opendora/.opendora/storage/snapshot/af816485bd5b0f74a8aeb9bed84630d3f71f9f4c tracking
INFO  2026-05-03T11:00:48 +47ms service=snapshot file=/tmp/opencode-test-uhau7l5y9wp/aaaaaaaaaaaaaaaaaaaaaaaaaaaaaaaaaaaaaaaaaaaaaaaaaaaaaaaaaaaaaaaaaaaaaaaaaaaaaaaaaaaaaaaaaaaaaaaaaaaaaaaaaaaaaaaaaaaaaaaaaaaaaaaaaaaaaaaaaaaaaaaaaaaaaaaaaaaaaaaaaaaaaaaaaaaaaaaaaaaaaaaaaaaaaaaaaaaaaaaa.txt hash=6a97bb40622b1e2701904b6099e3b5d1633fe6fd reverting
INFO  2026-05-03T11:00:48 +34ms service=snapshot file=/tmp/opencode-test-uhau7l5y9wp/aaaaaaaaaaaaaaaaaaaaaaaaaaaaaaaaaaaaaaaaaaaaaaaaaaaaaaaaaaaaaaaaaaaaaaaaaaaaaaaaaaaaaaaaaaaaaaaaaaaaaaaaaaaaaaaaaaaaaaaaaaaaaaaaaaaaaaaaaaaaaaaaaaaaaaaaaaaaaaaaaaaaaaaaaaaaaaaaaaaaaaaaaaaaaaaaaaaaaaaa.txt file did not exist in snapshot, deleting
INFO  2026-05-03T11:00:48 +133ms service=default directory=/tmp/opencode-test-9trdccvmuco creating instance
INFO  2026-05-03T11:00:48 +0ms service=project directory=/tmp/opencode-test-9trdccvmuco fromDirectory
DEBUG 2026-05-03T11:00:48 +93ms service=config path=/home/mariu/projects/opendora/.opendora loading config from OPENCODE_CONFIG_DIR
DEBUG 2026-05-03T11:00:48 +1ms service=config loading config from /home/mariu/projects/opendora/.opendora/opendora.jsonc
INFO  2026-05-03T11:00:48 +0ms service=config path=/home/mariu/projects/opendora/.opendora/opendora.jsonc loading
DEBUG 2026-05-03T11:00:48 +0ms service=config loading config from /home/mariu/projects/opendora/.opendora/opendora.json
INFO  2026-05-03T11:00:48 +7ms service=config path=/home/mariu/projects/opendora/.opendora/opendora.json loading
WARN  2026-05-03T11:00:48 +40ms service=bun pkg=@opencode-ai/plugin cachedVersion=* Failed to resolve latest version, using cached
INFO  2026-05-03T11:00:48 +128ms service=snapshot initialized
INFO  2026-05-03T11:00:48 +46ms service=snapshot hash=fa1f758737b2c0bb47cff0ce5f0e3cc3a4d5a3e0
 cwd=/tmp/opencode-test-9trdccvmuco git=/home/mariu/projects/opendora/.opendora/storage/snapshot/f6691f48f3df03fa4fac1b726bf01ab080d73209 tracking
INFO  2026-05-03T11:00:49 +194ms service=default directory=/tmp/opencode-test-79pp3giow0y creating instance
INFO  2026-05-03T11:00:49 +1ms service=project directory=/tmp/opencode-test-79pp3giow0y fromDirectory
DEBUG 2026-05-03T11:00:49 +111ms service=config path=/home/mariu/projects/opendora/.opendora loading config from OPENCODE_CONFIG_DIR
DEBUG 2026-05-03T11:00:49 +1ms service=config loading config from /home/mariu/projects/opendora/.opendora/opendora.jsonc
INFO  2026-05-03T11:00:49 +0ms service=config path=/home/mariu/projects/opendora/.opendora/opendora.jsonc loading
DEBUG 2026-05-03T11:00:49 +17ms service=config loading config from /home/mariu/projects/opendora/.opendora/opendora.json
INFO  2026-05-03T11:00:49 +0ms service=config path=/home/mariu/projects/opendora/.opendora/opendora.json loading
INFO  2026-05-03T11:00:49 +249ms service=snapshot initialized
WARN  2026-05-03T11:00:49 +22ms service=bun pkg=@opencode-ai/plugin cachedVersion=* Failed to resolve latest version, using cached
INFO  2026-05-03T11:00:49 +29ms service=snapshot hash=9ed4e584a3db8b9fb12d0d5965ba1d0874c33f50
 cwd=/tmp/opencode-test-79pp3giow0y git=/home/mariu/projects/opendora/.opendora/storage/snapshot/499f567d7b302f7f508d0627ba58a70e2113d5d7 tracking
INFO  2026-05-03T11:00:49 +224ms service=default directory=/tmp/opencode-test-q4es6t5aeh creating instance
INFO  2026-05-03T11:00:49 +0ms service=project directory=/tmp/opencode-test-q4es6t5aeh fromDirectory
DEBUG 2026-05-03T11:00:49 +83ms service=config path=/home/mariu/projects/opendora/.opendora loading config from OPENCODE_CONFIG_DIR
DEBUG 2026-05-03T11:00:49 +0ms service=config loading config from /home/mariu/projects/opendora/.opendora/opendora.jsonc
INFO  2026-05-03T11:00:49 +0ms service=config path=/home/mariu/projects/opendora/.opendora/opendora.jsonc loading
DEBUG 2026-05-03T11:00:49 +0ms service=config loading config from /home/mariu/projects/opendora/.opendora/opendora.json
INFO  2026-05-03T11:00:49 +0ms service=config path=/home/mariu/projects/opendora/.opendora/opendora.json loading
WARN  2026-05-03T11:00:49 +189ms service=bun pkg=@opencode-ai/plugin cachedVersion=* Failed to resolve latest version, using cached
INFO  2026-05-03T11:00:50 +60ms service=snapshot initialized
INFO  2026-05-03T11:00:50 +64ms service=snapshot hash=df8d8fbe66b3c184792b53f2079d02f1bb702552
 cwd=/tmp/opencode-test-q4es6t5aeh git=/home/mariu/projects/opendora/.opendora/storage/snapshot/224339986e4016e22d9e21cb0b645afffd7dfb0f tracking
INFO  2026-05-03T11:00:50 +215ms service=default directory=/tmp/opencode-test-lw4vziz8s5h creating instance
INFO  2026-05-03T11:00:50 +0ms service=project directory=/tmp/opencode-test-lw4vziz8s5h fromDirectory
WARN  2026-05-03T11:00:50 +59ms service=bun pkg=@opencode-ai/plugin cachedVersion=* Failed to resolve latest version, using cached
DEBUG 2026-05-03T11:00:50 +65ms service=config path=/home/mariu/projects/opendora/.opendora loading config from OPENCODE_CONFIG_DIR
DEBUG 2026-05-03T11:00:50 +1ms service=config loading config from /home/mariu/projects/opendora/.opendora/opendora.jsonc
INFO  2026-05-03T11:00:50 +0ms service=config path=/home/mariu/projects/opendora/.opendora/opendora.jsonc loading
DEBUG 2026-05-03T11:00:50 +0ms service=config loading config from /home/mariu/projects/opendora/.opendora/opendora.json
INFO  2026-05-03T11:00:50 +1ms service=config path=/home/mariu/projects/opendora/.opendora/opendora.json loading
INFO  2026-05-03T11:00:50 +200ms service=snapshot initialized
INFO  2026-05-03T11:00:50 +49ms service=snapshot hash=6c6021f11585062ccacabcbe12d7c22106e86078
 cwd=/tmp/opencode-test-lw4vziz8s5h git=/home/mariu/projects/opendora/.opendora/storage/snapshot/5f172f7b777bbbaef56c145dff6b35b178ad1073 tracking
WARN  2026-05-03T11:00:50 +62ms service=bun pkg=@opencode-ai/plugin cachedVersion=* Failed to resolve latest version, using cached
INFO  2026-05-03T11:00:50 +101ms service=default directory=/tmp/opencode-test-ftklyu5m1qu creating instance
INFO  2026-05-03T11:00:50 +1ms service=project directory=/tmp/opencode-test-ftklyu5m1qu fromDirectory
DEBUG 2026-05-03T11:00:50 +87ms service=config path=/home/mariu/projects/opendora/.opendora loading config from OPENCODE_CONFIG_DIR
DEBUG 2026-05-03T11:00:50 +0ms service=config loading config from /home/mariu/projects/opendora/.opendora/opendora.jsonc
INFO  2026-05-03T11:00:50 +0ms service=config path=/home/mariu/projects/opendora/.opendora/opendora.jsonc loading
DEBUG 2026-05-03T11:00:50 +1ms service=config loading config from /home/mariu/projects/opendora/.opendora/opendora.json
INFO  2026-05-03T11:00:50 +0ms service=config path=/home/mariu/projects/opendora/.opendora/opendora.json loading
INFO  2026-05-03T11:00:51 +224ms service=snapshot initialized
INFO  2026-05-03T11:00:51 +50ms service=snapshot hash=0a37befc054d86eb900f20f7972430e0d04628f8
 cwd=/tmp/opencode-test-ftklyu5m1qu git=/home/mariu/projects/opendora/.opendora/storage/snapshot/c4a90b938bd4ea2b38dac8d6d8fd55d585e29f42 tracking
WARN  2026-05-03T11:00:51 +112ms service=bun pkg=@opencode-ai/plugin cachedVersion=* Failed to resolve latest version, using cached
INFO  2026-05-03T11:00:51 +38ms service=default directory=/tmp/opencode-test-m21c0ojc34i creating instance
INFO  2026-05-03T11:00:51 +1ms service=project directory=/tmp/opencode-test-m21c0ojc34i fromDirectory
DEBUG 2026-05-03T11:00:51 +91ms service=config path=/home/mariu/projects/opendora/.opendora loading config from OPENCODE_CONFIG_DIR
DEBUG 2026-05-03T11:00:51 +0ms service=config loading config from /home/mariu/projects/opendora/.opendora/opendora.jsonc
INFO  2026-05-03T11:00:51 +0ms service=config path=/home/mariu/projects/opendora/.opendora/opendora.jsonc loading
DEBUG 2026-05-03T11:00:51 +1ms service=config loading config from /home/mariu/projects/opendora/.opendora/opendora.json
INFO  2026-05-03T11:00:51 +0ms service=config path=/home/mariu/projects/opendora/.opendora/opendora.json loading
INFO  2026-05-03T11:00:51 +277ms service=snapshot initialized
INFO  2026-05-03T11:00:51 +46ms service=snapshot hash=326ac2ace240e5518f40f9814716706a93bbb576
 cwd=/tmp/opencode-test-m21c0ojc34i git=/home/mariu/projects/opendora/.opendora/storage/snapshot/1bb52cc08e11f94794e873c5dae4eeac59ac469b tracking
WARN  2026-05-03T11:00:51 +85ms service=bun pkg=@opencode-ai/plugin cachedVersion=* Failed to resolve latest version, using cached
INFO  2026-05-03T11:00:51 +15ms service=snapshot hash=df9159ed13b6435a81a16005e7531240d74f41d8
 cwd=/tmp/opencode-test-m21c0ojc34i git=/home/mariu/projects/opendora/.opendora/storage/snapshot/1bb52cc08e11f94794e873c5dae4eeac59ac469b tracking
INFO  2026-05-03T11:00:51 +112ms service=default directory=/tmp/opencode-test-5pfzi5ddi6i creating instance
INFO  2026-05-03T11:00:51 +0ms service=project directory=/tmp/opencode-test-5pfzi5ddi6i fromDirectory
DEBUG 2026-05-03T11:00:52 +55ms service=config path=/home/mariu/projects/opendora/.opendora loading config from OPENCODE_CONFIG_DIR
DEBUG 2026-05-03T11:00:52 +0ms service=config loading config from /home/mariu/projects/opendora/.opendora/opendora.jsonc
INFO  2026-05-03T11:00:52 +0ms service=config path=/home/mariu/projects/opendora/.opendora/opendora.jsonc loading
DEBUG 2026-05-03T11:00:52 +9ms service=config loading config from /home/mariu/projects/opendora/.opendora/opendora.json
INFO  2026-05-03T11:00:52 +0ms service=config path=/home/mariu/projects/opendora/.opendora/opendora.json loading
INFO  2026-05-03T11:00:52 +149ms service=snapshot initialized
INFO  2026-05-03T11:00:52 +41ms service=snapshot hash=f62069dc54480011d2050febe1e00ca4cecf49f8
 cwd=/tmp/opencode-test-5pfzi5ddi6i git=/home/mariu/projects/opendora/.opendora/storage/snapshot/d6cc50b63e2c771bbd8f2fc5374f880a1038ab15 tracking
WARN  2026-05-03T11:00:52 +70ms service=bun pkg=@opencode-ai/plugin cachedVersion=* Failed to resolve latest version, using cached
INFO  2026-05-03T11:00:52 +31ms service=default directory=/tmp/opencode-test-mzpri6kl51b creating instance
INFO  2026-05-03T11:00:52 +0ms service=project directory=/tmp/opencode-test-mzpri6kl51b fromDirectory
DEBUG 2026-05-03T11:00:52 +39ms service=config path=/home/mariu/projects/opendora/.opendora loading config from OPENCODE_CONFIG_DIR
DEBUG 2026-05-03T11:00:52 +0ms service=config loading config from /home/mariu/projects/opendora/.opendora/opendora.jsonc
INFO  2026-05-03T11:00:52 +0ms service=config path=/home/mariu/projects/opendora/.opendora/opendora.jsonc loading
DEBUG 2026-05-03T11:00:52 +10ms service=config loading config from /home/mariu/projects/opendora/.opendora/opendora.json
INFO  2026-05-03T11:00:52 +0ms service=config path=/home/mariu/projects/opendora/.opendora/opendora.json loading
INFO  2026-05-03T11:00:52 +118ms service=snapshot initialized
WARN  2026-05-03T11:00:52 +31ms service=bun pkg=@opencode-ai/plugin cachedVersion=* Failed to resolve latest version, using cached
INFO  2026-05-03T11:00:52 +4ms service=snapshot hash=e03bf4b68e37ace12bb64943870234ef7fc0ab26
 cwd=/tmp/opencode-test-mzpri6kl51b git=/home/mariu/projects/opendora/.opendora/storage/snapshot/7e8ff4f0d6fa3b0ec77ea5cd78291bc919b34962 tracking
INFO  2026-05-03T11:00:52 +160ms service=default directory=/tmp/opencode-test-wymi5yz3a5b creating instance
INFO  2026-05-03T11:00:52 +0ms service=project directory=/tmp/opencode-test-wymi5yz3a5b fromDirectory
DEBUG 2026-05-03T11:00:52 +39ms service=config path=/home/mariu/projects/opendora/.opendora loading config from OPENCODE_CONFIG_DIR
DEBUG 2026-05-03T11:00:52 +0ms service=config loading config from /home/mariu/projects/opendora/.opendora/opendora.jsonc
INFO  2026-05-03T11:00:52 +0ms service=config path=/home/mariu/projects/opendora/.opendora/opendora.jsonc loading
DEBUG 2026-05-03T11:00:52 +9ms service=config loading config from /home/mariu/projects/opendora/.opendora/opendora.json
INFO  2026-05-03T11:00:52 +0ms service=config path=/home/mariu/projects/opendora/.opendora/opendora.json loading
INFO  2026-05-03T11:00:52 +147ms service=snapshot initialized
INFO  2026-05-03T11:00:52 +52ms service=snapshot hash=a09409cfc5f851395b3fd2de469a8de10b09b314
 cwd=/tmp/opencode-test-wymi5yz3a5b git=/home/mariu/projects/opendora/.opendora/storage/snapshot/e3bda77562deff18b32e1cbe6fec48d83f404ff3 tracking
INFO  2026-05-03T11:00:52 +33ms service=default directory=/tmp/opencode-test-v4hgrgkk6 creating instance
INFO  2026-05-03T11:00:52 +1ms service=project directory=/tmp/opencode-test-v4hgrgkk6 fromDirectory
DEBUG 2026-05-03T11:00:53 +52ms service=config path=/home/mariu/projects/opendora/.opendora loading config from OPENCODE_CONFIG_DIR
DEBUG 2026-05-03T11:00:53 +0ms service=config loading config from /home/mariu/projects/opendora/.opendora/opendora.jsonc
INFO  2026-05-03T11:00:53 +0ms service=config path=/home/mariu/projects/opendora/.opendora/opendora.jsonc loading
DEBUG 2026-05-03T11:00:53 +0ms service=config loading config from /home/mariu/projects/opendora/.opendora/opendora.json
INFO  2026-05-03T11:00:53 +0ms service=config path=/home/mariu/projects/opendora/.opendora/opendora.json loading
WARN  2026-05-03T11:00:53 +125ms service=bun pkg=@opencode-ai/plugin cachedVersion=* Failed to resolve latest version, using cached
INFO  2026-05-03T11:00:53 +30ms service=snapshot initialized
INFO  2026-05-03T11:00:53 +49ms service=snapshot hash=9c53f9e6ddcf7bac81086daf8d9286682b46e640
 cwd=/tmp/opencode-test-v4hgrgkk6 git=/home/mariu/projects/opendora/.opendora/storage/snapshot/e7fcc878f52fe649dfb01454d94e85fcc3db4bfe tracking
INFO  2026-05-03T11:00:53 +188ms service=default directory=/tmp/opencode-test-pqfcnuwtvnb creating instance
INFO  2026-05-03T11:00:53 +0ms service=project directory=/tmp/opencode-test-pqfcnuwtvnb fromDirectory
DEBUG 2026-05-03T11:00:53 +106ms service=config path=/home/mariu/projects/opendora/.opendora loading config from OPENCODE_CONFIG_DIR
DEBUG 2026-05-03T11:00:53 +0ms service=config loading config from /home/mariu/projects/opendora/.opendora/opendora.jsonc
INFO  2026-05-03T11:00:53 +0ms service=config path=/home/mariu/projects/opendora/.opendora/opendora.jsonc loading
DEBUG 2026-05-03T11:00:53 +0ms service=config loading config from /home/mariu/projects/opendora/.opendora/opendora.json
INFO  2026-05-03T11:00:53 +0ms service=config path=/home/mariu/projects/opendora/.opendora/opendora.json loading
WARN  2026-05-03T11:00:53 +128ms service=bun pkg=@opencode-ai/plugin cachedVersion=* Failed to resolve latest version, using cached
INFO  2026-05-03T11:00:53 +32ms service=snapshot initialized
INFO  2026-05-03T11:00:53 +44ms service=snapshot hash=7f7bd768197eaae4af30948011b8b5fe1c998f00
 cwd=/tmp/opencode-test-pqfcnuwtvnb git=/home/mariu/projects/opendora/.opendora/storage/snapshot/af548c9194c2dbb58edd8089bc20a7089c127ef2 tracking
INFO  2026-05-03T11:00:53 +0ms service=default directory=/tmp/opencode-test-pqfcnuwtvnb-worktree creating instance
INFO  2026-05-03T11:00:53 +0ms service=project directory=/tmp/opencode-test-pqfcnuwtvnb-worktree fromDirectory
DEBUG 2026-05-03T11:00:53 +54ms service=config path=/home/mariu/projects/opendora/.opendora loading config from OPENCODE_CONFIG_DIR
DEBUG 2026-05-03T11:00:53 +1ms service=config loading config from /home/mariu/projects/opendora/.opendora/opendora.jsonc
INFO  2026-05-03T11:00:53 +0ms service=config path=/home/mariu/projects/opendora/.opendora/opendora.jsonc loading
DEBUG 2026-05-03T11:00:53 +13ms service=config loading config from /home/mariu/projects/opendora/.opendora/opendora.json
INFO  2026-05-03T11:00:53 +0ms service=config path=/home/mariu/projects/opendora/.opendora/opendora.json loading
INFO  2026-05-03T11:00:53 +118ms service=snapshot hash=7f7bd768197eaae4af30948011b8b5fe1c998f00
 cwd=/tmp/opencode-test-pqfcnuwtvnb-worktree git=/home/mariu/projects/opendora/.opendora/storage/snapshot/af548c9194c2dbb58edd8089bc20a7089c127ef2 tracking
WARN  2026-05-03T11:00:53 +17ms service=bun pkg=@opencode-ai/plugin cachedVersion=* Failed to resolve latest version, using cached
INFO  2026-05-03T11:00:54 +125ms service=default directory=/tmp/opencode-test-q1xm58cllnb creating instance
INFO  2026-05-03T11:00:54 +0ms service=project directory=/tmp/opencode-test-q1xm58cllnb fromDirectory
DEBUG 2026-05-03T11:00:54 +50ms service=config path=/home/mariu/projects/opendora/.opendora loading config from OPENCODE_CONFIG_DIR
DEBUG 2026-05-03T11:00:54 +1ms service=config loading config from /home/mariu/projects/opendora/.opendora/opendora.jsonc
INFO  2026-05-03T11:00:54 +0ms service=config path=/home/mariu/projects/opendora/.opendora/opendora.jsonc loading
DEBUG 2026-05-03T11:00:54 +0ms service=config loading config from /home/mariu/projects/opendora/.opendora/opendora.json
INFO  2026-05-03T11:00:54 +0ms service=config path=/home/mariu/projects/opendora/.opendora/opendora.json loading
WARN  2026-05-03T11:00:54 +62ms service=bun pkg=@opencode-ai/plugin cachedVersion=* Failed to resolve latest version, using cached
INFO  2026-05-03T11:00:54 +36ms service=snapshot initialized
INFO  2026-05-03T11:00:54 +43ms service=snapshot hash=1137f440d2fe3533a6b52cdae0c7e412a3dc0ee4
 cwd=/tmp/opencode-test-q1xm58cllnb git=/home/mariu/projects/opendora/.opendora/storage/snapshot/cd3aea50190677edfbcffbe9f7e6552dc0da486f tracking
INFO  2026-05-03T11:00:54 +1ms service=default directory=/tmp/opencode-test-q1xm58cllnb-worktree creating instance
INFO  2026-05-03T11:00:54 +0ms service=project directory=/tmp/opencode-test-q1xm58cllnb-worktree fromDirectory
DEBUG 2026-05-03T11:00:54 +41ms service=config path=/home/mariu/projects/opendora/.opendora loading config from OPENCODE_CONFIG_DIR
DEBUG 2026-05-03T11:00:54 +0ms service=config loading config from /home/mariu/projects/opendora/.opendora/opendora.jsonc
INFO  2026-05-03T11:00:54 +0ms service=config path=/home/mariu/projects/opendora/.opendora/opendora.jsonc loading
DEBUG 2026-05-03T11:00:54 +11ms service=config loading config from /home/mariu/projects/opendora/.opendora/opendora.json
INFO  2026-05-03T11:00:54 +0ms service=config path=/home/mariu/projects/opendora/.opendora/opendora.json loading
INFO  2026-05-03T11:00:54 +133ms service=snapshot hash=1137f440d2fe3533a6b52cdae0c7e412a3dc0ee4
 cwd=/tmp/opencode-test-q1xm58cllnb-worktree git=/home/mariu/projects/opendora/.opendora/storage/snapshot/cd3aea50190677edfbcffbe9f7e6552dc0da486f tracking
INFO  2026-05-03T11:00:54 +50ms service=snapshot file=/tmp/opencode-test-q1xm58cllnb-worktree/worktree.txt hash=1137f440d2fe3533a6b52cdae0c7e412a3dc0ee4 reverting
INFO  2026-05-03T11:00:54 +31ms service=snapshot file=/tmp/opencode-test-q1xm58cllnb-worktree/worktree.txt file did not exist in snapshot, deleting
INFO  2026-05-03T11:00:54 +132ms service=default directory=/tmp/opencode-test-c372luwmujs creating instance
INFO  2026-05-03T11:00:54 +0ms service=project directory=/tmp/opencode-test-c372luwmujs fromDirectory
DEBUG 2026-05-03T11:00:54 +56ms service=config path=/home/mariu/projects/opendora/.opendora loading config from OPENCODE_CONFIG_DIR
DEBUG 2026-05-03T11:00:54 +0ms service=config loading config from /home/mariu/projects/opendora/.opendora/opendora.jsonc
INFO  2026-05-03T11:00:54 +0ms service=config path=/home/mariu/projects/opendora/.opendora/opendora.jsonc loading
DEBUG 2026-05-03T11:00:54 +0ms service=config loading config from /home/mariu/projects/opendora/.opendora/opendora.json
INFO  2026-05-03T11:00:54 +0ms service=config path=/home/mariu/projects/opendora/.opendora/opendora.json loading
INFO  2026-05-03T11:00:54 +142ms service=snapshot initialized
INFO  2026-05-03T11:00:54 +67ms service=snapshot hash=169b96a4142a5742965d500af799cea2b5c18242
 cwd=/tmp/opencode-test-c372luwmujs git=/home/mariu/projects/opendora/.opendora/storage/snapshot/730ce9516cb0af007f32225c196fe21fc379c54e tracking
INFO  2026-05-03T11:00:54 +0ms service=default directory=/tmp/opencode-test-c372luwmujs-worktree creating instance
INFO  2026-05-03T11:00:54 +0ms service=project directory=/tmp/opencode-test-c372luwmujs-worktree fromDirectory
DEBUG 2026-05-03T11:00:54 +70ms service=config path=/home/mariu/projects/opendora/.opendora loading config from OPENCODE_CONFIG_DIR
DEBUG 2026-05-03T11:00:54 +0ms service=config loading config from /home/mariu/projects/opendora/.opendora/opendora.jsonc
INFO  2026-05-03T11:00:54 +1ms service=config path=/home/mariu/projects/opendora/.opendora/opendora.jsonc loading
DEBUG 2026-05-03T11:00:54 +0ms service=config loading config from /home/mariu/projects/opendora/.opendora/opendora.json
INFO  2026-05-03T11:00:54 +0ms service=config path=/home/mariu/projects/opendora/.opendora/opendora.json loading
WARN  2026-05-03T11:00:55 +123ms service=bun pkg=@opencode-ai/plugin cachedVersion=* Failed to resolve latest version, using cached
INFO  2026-05-03T11:00:55 +15ms service=snapshot hash=169b96a4142a5742965d500af799cea2b5c18242
 cwd=/tmp/opencode-test-c372luwmujs-worktree git=/home/mariu/projects/opendora/.opendora/storage/snapshot/730ce9516cb0af007f32225c196fe21fc379c54e tracking
WARN  2026-05-03T11:00:55 +98ms service=bun pkg=@opencode-ai/plugin cachedVersion=* Failed to resolve latest version, using cached
INFO  2026-05-03T11:00:55 +52ms service=default directory=/tmp/opencode-test-02s8kfwniuhk creating instance
INFO  2026-05-03T11:00:55 +0ms service=project directory=/tmp/opencode-test-02s8kfwniuhk fromDirectory
DEBUG 2026-05-03T11:00:55 +74ms service=config path=/home/mariu/projects/opendora/.opendora loading config from OPENCODE_CONFIG_DIR
DEBUG 2026-05-03T11:00:55 +0ms service=config loading config from /home/mariu/projects/opendora/.opendora/opendora.jsonc
INFO  2026-05-03T11:00:55 +0ms service=config path=/home/mariu/projects/opendora/.opendora/opendora.jsonc loading
DEBUG 2026-05-03T11:00:55 +14ms service=config loading config from /home/mariu/projects/opendora/.opendora/opendora.json
INFO  2026-05-03T11:00:55 +0ms service=config path=/home/mariu/projects/opendora/.opendora/opendora.json loading
INFO  2026-05-03T11:00:55 +198ms service=snapshot initialized
WARN  2026-05-03T11:00:55 +24ms service=bun pkg=@opencode-ai/plugin cachedVersion=* Failed to resolve latest version, using cached
INFO  2026-05-03T11:00:55 +45ms service=snapshot hash=f374a467c458db9e2a2d089158d47136f826d3b4
 cwd=/tmp/opencode-test-02s8kfwniuhk git=/home/mariu/projects/opendora/.opendora/storage/snapshot/ebbd66bfef69be06e9b9e9d33fe3c46e6b337641 tracking
INFO  2026-05-03T11:00:55 +51ms service=snapshot hash=f374a467c458db9e2a2d089158d47136f826d3b4
 cwd=/tmp/opencode-test-02s8kfwniuhk git=/home/mariu/projects/opendora/.opendora/storage/snapshot/ebbd66bfef69be06e9b9e9d33fe3c46e6b337641 tracking
INFO  2026-05-03T11:00:55 +43ms service=snapshot hash=f374a467c458db9e2a2d089158d47136f826d3b4
 cwd=/tmp/opencode-test-02s8kfwniuhk git=/home/mariu/projects/opendora/.opendora/storage/snapshot/ebbd66bfef69be06e9b9e9d33fe3c46e6b337641 tracking
WARN  2026-05-03T11:00:55 +74ms service=bun pkg=@opencode-ai/plugin cachedVersion=* Failed to resolve latest version, using cached
INFO  2026-05-03T11:00:55 +29ms service=default directory=/tmp/opencode-test-ryfti4rrt4p creating instance
INFO  2026-05-03T11:00:55 +0ms service=project directory=/tmp/opencode-test-ryfti4rrt4p fromDirectory
DEBUG 2026-05-03T11:00:55 +80ms service=config path=/home/mariu/projects/opendora/.opendora loading config from OPENCODE_CONFIG_DIR
DEBUG 2026-05-03T11:00:55 +0ms service=config loading config from /home/mariu/projects/opendora/.opendora/opendora.jsonc
INFO  2026-05-03T11:00:55 +0ms service=config path=/home/mariu/projects/opendora/.opendora/opendora.jsonc loading
DEBUG 2026-05-03T11:00:55 +1ms service=config loading config from /home/mariu/projects/opendora/.opendora/opendora.json
INFO  2026-05-03T11:00:55 +0ms service=config path=/home/mariu/projects/opendora/.opendora/opendora.json loading
INFO  2026-05-03T11:00:56 +160ms service=snapshot initialized
INFO  2026-05-03T11:00:56 +44ms service=snapshot hash=2e6f1303d814c4021ba6847242edfdf0bb3d618c
 cwd=/tmp/opencode-test-ryfti4rrt4p git=/home/mariu/projects/opendora/.opendora/storage/snapshot/8af41b043da6f191ad3527655de8aa976d5d45b1 tracking
WARN  2026-05-03T11:00:56 +24ms service=bun pkg=@opencode-ai/plugin cachedVersion=* Failed to resolve latest version, using cached
INFO  2026-05-03T11:00:56 +128ms service=default directory=/tmp/opencode-test-dcmyyjce57q creating instance
INFO  2026-05-03T11:00:56 +0ms service=project directory=/tmp/opencode-test-dcmyyjce57q fromDirectory
WARN  2026-05-03T11:00:56 +76ms service=bun pkg=@opencode-ai/plugin cachedVersion=* Failed to resolve latest version, using cached
DEBUG 2026-05-03T11:00:56 +1ms service=config path=/home/mariu/projects/opendora/.opendora loading config from OPENCODE_CONFIG_DIR
DEBUG 2026-05-03T11:00:56 +0ms service=config loading config from /home/mariu/projects/opendora/.opendora/opendora.jsonc
INFO  2026-05-03T11:00:56 +0ms service=config path=/home/mariu/projects/opendora/.opendora/opendora.jsonc loading
DEBUG 2026-05-03T11:00:56 +0ms service=config loading config from /home/mariu/projects/opendora/.opendora/opendora.json
INFO  2026-05-03T11:00:56 +0ms service=config path=/home/mariu/projects/opendora/.opendora/opendora.json loading
INFO  2026-05-03T11:00:56 +137ms service=snapshot initialized
INFO  2026-05-03T11:00:56 +43ms service=snapshot hash=668d188ce372fed1dc2853b00c2408099c2bbcfc
 cwd=/tmp/opencode-test-dcmyyjce57q git=/home/mariu/projects/opendora/.opendora/storage/snapshot/8ff16f3e84e6897a60aeb8834dfa3b2a3de7ef67 tracking
INFO  2026-05-03T11:00:56 +3ms service=snapshot commit=668d188ce372fed1dc2853b00c2408099c2bbcfc restore
WARN  2026-05-03T11:00:56 +97ms service=bun pkg=@opencode-ai/plugin cachedVersion=* Failed to resolve latest version, using cached
INFO  2026-05-03T11:00:56 +1ms service=default directory=/tmp/opencode-test-7y1fbxb15kw creating instance
INFO  2026-05-03T11:00:56 +0ms service=project directory=/tmp/opencode-test-7y1fbxb15kw fromDirectory
DEBUG 2026-05-03T11:00:56 +58ms service=config path=/home/mariu/projects/opendora/.opendora loading config from OPENCODE_CONFIG_DIR
DEBUG 2026-05-03T11:00:56 +0ms service=config loading config from /home/mariu/projects/opendora/.opendora/opendora.jsonc
INFO  2026-05-03T11:00:56 +0ms service=config path=/home/mariu/projects/opendora/.opendora/opendora.jsonc loading
DEBUG 2026-05-03T11:00:56 +10ms service=config loading config from /home/mariu/projects/opendora/.opendora/opendora.json
INFO  2026-05-03T11:00:56 +0ms service=config path=/home/mariu/projects/opendora/.opendora/opendora.json loading
INFO  2026-05-03T11:00:56 +98ms service=snapshot initialized
INFO  2026-05-03T11:00:56 +49ms service=snapshot hash=c5cf11474c5ae3914c97da800ee2c70263a213c6
 cwd=/tmp/opencode-test-7y1fbxb15kw git=/home/mariu/projects/opendora/.opendora/storage/snapshot/b222db83f0fd2578d6ddce3cd821ede4159256a8 tracking
INFO  2026-05-03T11:00:56 +46ms service=snapshot hash=b922c9fa05f9b33ece656d3e1d83b61d9ae4170a
 cwd=/tmp/opencode-test-7y1fbxb15kw git=/home/mariu/projects/opendora/.opendora/storage/snapshot/b222db83f0fd2578d6ddce3cd821ede4159256a8 tracking
INFO  2026-05-03T11:00:56 +53ms service=snapshot file=/tmp/opencode-test-7y1fbxb15kw/a.txt hash=b922c9fa05f9b33ece656d3e1d83b61d9ae4170a reverting
INFO  2026-05-03T11:00:56 +35ms service=snapshot file=/tmp/opencode-test-7y1fbxb15kw/a.txt file did not exist in snapshot, deleting
INFO  2026-05-03T11:00:57 +125ms service=default directory=/tmp/opencode-test-y6x7lv3gxgq creating instance
INFO  2026-05-03T11:00:57 +0ms service=project directory=/tmp/opencode-test-y6x7lv3gxgq fromDirectory
DEBUG 2026-05-03T11:00:57 +103ms service=config path=/home/mariu/projects/opendora/.opendora loading config from OPENCODE_CONFIG_DIR
DEBUG 2026-05-03T11:00:57 +0ms service=config loading config from /home/mariu/projects/opendora/.opendora/opendora.jsonc
INFO  2026-05-03T11:00:57 +0ms service=config path=/home/mariu/projects/opendora/.opendora/opendora.jsonc loading
WARN  2026-05-03T11:00:57 +2ms service=bun pkg=@opencode-ai/plugin cachedVersion=* Failed to resolve latest version, using cached
DEBUG 2026-05-03T11:00:57 +0ms service=config loading config from /home/mariu/projects/opendora/.opendora/opendora.json
INFO  2026-05-03T11:00:57 +18ms service=config path=/home/mariu/projects/opendora/.opendora/opendora.json loading
INFO  2026-05-03T11:00:57 +232ms service=snapshot initialized
INFO  2026-05-03T11:00:57 +82ms service=snapshot hash=c563bd0f4abcbb059639f2c9fa047761d1ec065a
 cwd=/tmp/opencode-test-y6x7lv3gxgq git=/home/mariu/projects/opendora/.opendora/storage/snapshot/72c15a03e457f811ea781ac187473d1a31d59c2e tracking
INFO  2026-05-03T11:00:57 +87ms service=snapshot file=/tmp/opencode-test-y6x7lv3gxgq/existing.txt hash=c563bd0f4abcbb059639f2c9fa047761d1ec065a reverting
INFO  2026-05-03T11:00:57 +16ms service=snapshot file=/tmp/opencode-test-y6x7lv3gxgq/newfile.txt hash=c563bd0f4abcbb059639f2c9fa047761d1ec065a reverting
INFO  2026-05-03T11:00:57 +33ms service=snapshot file=/tmp/opencode-test-y6x7lv3gxgq/newfile.txt file did not exist in snapshot, deleting
INFO  2026-05-03T11:00:57 +114ms service=default directory=/tmp/opencode-test-eaptp3khvja creating instance
INFO  2026-05-03T11:00:57 +1ms service=project directory=/tmp/opencode-test-eaptp3khvja fromDirectory
WARN  2026-05-03T11:00:57 +18ms service=bun pkg=@opencode-ai/plugin cachedVersion=* Failed to resolve latest version, using cached
DEBUG 2026-05-03T11:00:57 +68ms service=config path=/home/mariu/projects/opendora/.opendora loading config from OPENCODE_CONFIG_DIR
DEBUG 2026-05-03T11:00:57 +0ms service=config loading config from /home/mariu/projects/opendora/.opendora/opendora.jsonc
INFO  2026-05-03T11:00:57 +0ms service=config path=/home/mariu/projects/opendora/.opendora/opendora.jsonc loading
DEBUG 2026-05-03T11:00:57 +1ms service=config loading config from /home/mariu/projects/opendora/.opendora/opendora.json
INFO  2026-05-03T11:00:57 +0ms service=config path=/home/mariu/projects/opendora/.opendora/opendora.json loading
INFO  2026-05-03T11:00:58 +197ms service=snapshot initialized
WARN  2026-05-03T11:00:58 +20ms service=bun pkg=@opencode-ai/plugin cachedVersion=* Failed to resolve latest version, using cached
INFO  2026-05-03T11:00:58 +34ms service=snapshot hash=bb633836fc8af349700049c16bfe81fb053a299e
 cwd=/tmp/opencode-test-eaptp3khvja git=/home/mariu/projects/opendora/.opendora/storage/snapshot/62917f51ab08e0f5bba52f1bab94d21740f19d67 tracking
INFO  2026-05-03T11:00:58 +46ms service=snapshot hash=4c5ba7837bd065c8efa1d745154eec9775c95e37
 cwd=/tmp/opencode-test-eaptp3khvja git=/home/mariu/projects/opendora/.opendora/storage/snapshot/62917f51ab08e0f5bba52f1bab94d21740f19d67 tracking
INFO  2026-05-03T11:00:58 +283ms service=default directory=/tmp/opencode-test-vzs5qmqakfb creating instance
INFO  2026-05-03T11:00:58 +0ms service=project directory=/tmp/opencode-test-vzs5qmqakfb fromDirectory
DEBUG 2026-05-03T11:00:58 +58ms service=config path=/home/mariu/projects/opendora/.opendora loading config from OPENCODE_CONFIG_DIR
DEBUG 2026-05-03T11:00:58 +0ms service=config loading config from /home/mariu/projects/opendora/.opendora/opendora.jsonc
INFO  2026-05-03T11:00:58 +0ms service=config path=/home/mariu/projects/opendora/.opendora/opendora.jsonc loading
DEBUG 2026-05-03T11:00:58 +0ms service=config loading config from /home/mariu/projects/opendora/.opendora/opendora.json
INFO  2026-05-03T11:00:58 +12ms service=config path=/home/mariu/projects/opendora/.opendora/opendora.json loading
WARN  2026-05-03T11:00:58 +122ms service=bun pkg=@opencode-ai/plugin cachedVersion=* Failed to resolve latest version, using cached
INFO  2026-05-03T11:00:58 +58ms service=snapshot initialized
INFO  2026-05-03T11:00:58 +34ms service=snapshot hash=7e151360f46021ab06741ce9992c7af7f2327d61
 cwd=/tmp/opencode-test-vzs5qmqakfb git=/home/mariu/projects/opendora/.opendora/storage/snapshot/8bc7148823d735d619506500e7216d8390fcabfb tracking
INFO  2026-05-03T11:00:58 +53ms service=snapshot hash=3eee2dc6fd2421f0a4cc7372c4e5409821c354aa
 cwd=/tmp/opencode-test-vzs5qmqakfb git=/home/mariu/projects/opendora/.opendora/storage/snapshot/8bc7148823d735d619506500e7216d8390fcabfb tracking
INFO  2026-05-03T11:00:58 +146ms service=default directory=/tmp/opencode-test-nk104uqqyij creating instance
INFO  2026-05-03T11:00:58 +0ms service=project directory=/tmp/opencode-test-nk104uqqyij fromDirectory
DEBUG 2026-05-03T11:00:58 +64ms service=config path=/home/mariu/projects/opendora/.opendora loading config from OPENCODE_CONFIG_DIR
DEBUG 2026-05-03T11:00:58 +0ms service=config loading config from /home/mariu/projects/opendora/.opendora/opendora.jsonc
INFO  2026-05-03T11:00:58 +0ms service=config path=/home/mariu/projects/opendora/.opendora/opendora.jsonc loading
DEBUG 2026-05-03T11:00:58 +1ms service=config loading config from /home/mariu/projects/opendora/.opendora/opendora.json
INFO  2026-05-03T11:00:58 +0ms service=config path=/home/mariu/projects/opendora/.opendora/opendora.json loading
WARN  2026-05-03T11:00:59 +61ms service=bun pkg=@opencode-ai/plugin cachedVersion=* Failed to resolve latest version, using cached
INFO  2026-05-03T11:00:59 +81ms service=snapshot initialized
INFO  2026-05-03T11:00:59 +33ms service=snapshot hash=aa8ebcee76c6c8492f900ef77e444452d7c18f74
 cwd=/tmp/opencode-test-nk104uqqyij git=/home/mariu/projects/opendora/.opendora/storage/snapshot/d05f97756e7d43e37e81dbbb6c4ac2314798ed67 tracking
INFO  2026-05-03T11:00:59 +35ms service=snapshot hash=b6cdfe633a56149c8186f189d21ba43110049241
 cwd=/tmp/opencode-test-nk104uqqyij git=/home/mariu/projects/opendora/.opendora/storage/snapshot/d05f97756e7d43e37e81dbbb6c4ac2314798ed67 tracking
INFO  2026-05-03T11:00:59 +128ms service=default directory=/tmp/opencode-test-7uiz62olsrs creating instance
INFO  2026-05-03T11:00:59 +1ms service=project directory=/tmp/opencode-test-7uiz62olsrs fromDirectory
DEBUG 2026-05-03T11:00:59 +74ms service=config path=/home/mariu/projects/opendora/.opendora loading config from OPENCODE_CONFIG_DIR
DEBUG 2026-05-03T11:00:59 +1ms service=config loading config from /home/mariu/projects/opendora/.opendora/opendora.jsonc
INFO  2026-05-03T11:00:59 +0ms service=config path=/home/mariu/projects/opendora/.opendora/opendora.jsonc loading
DEBUG 2026-05-03T11:00:59 +0ms service=config loading config from /home/mariu/projects/opendora/.opendora/opendora.json
INFO  2026-05-03T11:00:59 +11ms service=config path=/home/mariu/projects/opendora/.opendora/opendora.json loading
INFO  2026-05-03T11:00:59 +139ms service=snapshot initialized
INFO  2026-05-03T11:00:59 +45ms service=snapshot hash=4378d0059676a7ab71de7fb0d6aac7a9f11aa72e
 cwd=/tmp/opencode-test-7uiz62olsrs git=/home/mariu/projects/opendora/.opendora/storage/snapshot/8017f466372580b9c6f2ab6a64d73f1c31ffb128 tracking
INFO  2026-05-03T11:00:59 +56ms service=snapshot hash=27d8993f75251e919d258b6984998d9adae856ea
 cwd=/tmp/opencode-test-7uiz62olsrs git=/home/mariu/projects/opendora/.opendora/storage/snapshot/8017f466372580b9c6f2ab6a64d73f1c31ffb128 tracking
WARN  2026-05-03T11:00:59 +49ms service=bun pkg=@opencode-ai/plugin cachedVersion=* Failed to resolve latest version, using cached
INFO  2026-05-03T11:00:59 +81ms service=default directory=/tmp/opencode-test-4lvxdpby0wg creating instance
INFO  2026-05-03T11:00:59 +1ms service=project directory=/tmp/opencode-test-4lvxdpby0wg fromDirectory
DEBUG 2026-05-03T11:00:59 +67ms service=config path=/home/mariu/projects/opendora/.opendora loading config from OPENCODE_CONFIG_DIR
DEBUG 2026-05-03T11:00:59 +0ms service=config loading config from /home/mariu/projects/opendora/.opendora/opendora.jsonc
INFO  2026-05-03T11:00:59 +0ms service=config path=/home/mariu/projects/opendora/.opendora/opendora.jsonc loading
DEBUG 2026-05-03T11:00:59 +1ms service=config loading config from /home/mariu/projects/opendora/.opendora/opendora.json
INFO  2026-05-03T11:00:59 +0ms service=config path=/home/mariu/projects/opendora/.opendora/opendora.json loading
INFO  2026-05-03T11:01:00 +154ms service=snapshot initialized
INFO  2026-05-03T11:01:00 +47ms service=snapshot hash=e5b580038760b7e22351c3ea85f49fbfa7acd8a3
 cwd=/tmp/opencode-test-4lvxdpby0wg git=/home/mariu/projects/opendora/.opendora/storage/snapshot/dbfbb3d96496b1206d940c986294c6b315ec9295 tracking
INFO  2026-05-03T11:01:00 +64ms service=snapshot hash=7685a4969e10fd7d01be344a8419ec6326662517
 cwd=/tmp/opencode-test-4lvxdpby0wg git=/home/mariu/projects/opendora/.opendora/storage/snapshot/dbfbb3d96496b1206d940c986294c6b315ec9295 tracking
WARN  2026-05-03T11:01:00 +144ms service=bun pkg=@opencode-ai/plugin cachedVersion=* Failed to resolve latest version, using cached
INFO  2026-05-03T11:01:00 +1ms service=default directory=/tmp/opencode-test-9m94llypk09 creating instance
INFO  2026-05-03T11:01:00 +0ms service=project directory=/tmp/opencode-test-9m94llypk09 fromDirectory
DEBUG 2026-05-03T11:01:00 +58ms service=config path=/home/mariu/projects/opendora/.opendora loading config from OPENCODE_CONFIG_DIR
DEBUG 2026-05-03T11:01:00 +0ms service=config loading config from /home/mariu/projects/opendora/.opendora/opendora.jsonc
INFO  2026-05-03T11:01:00 +0ms service=config path=/home/mariu/projects/opendora/.opendora/opendora.jsonc loading
DEBUG 2026-05-03T11:01:00 +10ms service=config loading config from /home/mariu/projects/opendora/.opendora/opendora.json
INFO  2026-05-03T11:01:00 +0ms service=config path=/home/mariu/projects/opendora/.opendora/opendora.json loading
INFO  2026-05-03T11:01:00 +98ms service=snapshot initialized
INFO  2026-05-03T11:01:00 +40ms service=snapshot hash=6ca01692fc50c58fb960792b9f791ad7a947fb09
 cwd=/tmp/opencode-test-9m94llypk09 git=/home/mariu/projects/opendora/.opendora/storage/snapshot/0c85697ea0e044d25d47799286778ece5787f938 tracking
INFO  2026-05-03T11:01:00 +60ms service=snapshot hash=9a96ad9117ecfceb3baa99fa8d35f8116f66695c
 cwd=/tmp/opencode-test-9m94llypk09 git=/home/mariu/projects/opendora/.opendora/storage/snapshot/0c85697ea0e044d25d47799286778ece5787f938 tracking
WARN  2026-05-03T11:01:00 +50ms service=bun pkg=@opencode-ai/plugin cachedVersion=* Failed to resolve latest version, using cached
INFO  2026-05-03T11:01:00 +79ms service=default directory=/tmp/opencode-test-76h7bb5zn4h creating instance
INFO  2026-05-03T11:01:00 +0ms service=project directory=/tmp/opencode-test-76h7bb5zn4h fromDirectory
DEBUG 2026-05-03T11:01:00 +39ms service=config path=/home/mariu/projects/opendora/.opendora loading config from OPENCODE_CONFIG_DIR
DEBUG 2026-05-03T11:01:00 +0ms service=config loading config from /home/mariu/projects/opendora/.opendora/opendora.jsonc
INFO  2026-05-03T11:01:00 +0ms service=config path=/home/mariu/projects/opendora/.opendora/opendora.jsonc loading
DEBUG 2026-05-03T11:01:00 +12ms service=config loading config from /home/mariu/projects/opendora/.opendora/opendora.json
INFO  2026-05-03T11:01:00 +0ms service=config path=/home/mariu/projects/opendora/.opendora/opendora.json loading
INFO  2026-05-03T11:01:00 +113ms service=snapshot initialized
INFO  2026-05-03T11:01:00 +49ms service=snapshot hash=9ae60303bed3f74afd95772df371beba6a0cf639
 cwd=/tmp/opencode-test-76h7bb5zn4h git=/home/mariu/projects/opendora/.opendora/storage/snapshot/7e2adf0f8e5dbe3bf89ae0b56bdfdf7090afd6a3 tracking
INFO  2026-05-03T11:01:00 +38ms service=snapshot hash=bc7fa092db498c7641faa87fe7e63a8b2e3a2e90
 cwd=/tmp/opencode-test-76h7bb5zn4h git=/home/mariu/projects/opendora/.opendora/storage/snapshot/7e2adf0f8e5dbe3bf89ae0b56bdfdf7090afd6a3 tracking
WARN  2026-05-03T11:01:01 +126ms service=bun pkg=@opencode-ai/plugin cachedVersion=* Failed to resolve latest version, using cached
INFO  2026-05-03T11:01:01 +77ms service=default directory=/tmp/opencode-test-ldahp42fsq creating instance
INFO  2026-05-03T11:01:01 +0ms service=project directory=/tmp/opencode-test-ldahp42fsq fromDirectory
DEBUG 2026-05-03T11:01:01 +92ms service=config path=/home/mariu/projects/opendora/.opendora loading config from OPENCODE_CONFIG_DIR
DEBUG 2026-05-03T11:01:01 +1ms service=config loading config from /home/mariu/projects/opendora/.opendora/opendora.jsonc
INFO  2026-05-03T11:01:01 +0ms service=config path=/home/mariu/projects/opendora/.opendora/opendora.jsonc loading
DEBUG 2026-05-03T11:01:01 +0ms service=config loading config from /home/mariu/projects/opendora/.opendora/opendora.json
INFO  2026-05-03T11:01:01 +0ms service=config path=/home/mariu/projects/opendora/.opendora/opendora.json loading
INFO  2026-05-03T11:01:01 +182ms service=snapshot initialized
WARN  2026-05-03T11:01:01 +17ms service=bun pkg=@opencode-ai/plugin cachedVersion=* Failed to resolve latest version, using cached
INFO  2026-05-03T11:01:01 +28ms service=snapshot hash=5a55242bbc22d9bcea90cfa7716c7b44b7de0bba
 cwd=/tmp/opencode-test-ldahp42fsq git=/home/mariu/projects/opendora/.opendora/storage/snapshot/de65227a49cf9ae1e279634dd39496f232ae7559 tracking
INFO  2026-05-03T11:01:01 +24ms service=snapshot hash=5a55242bbc22d9bcea90cfa7716c7b44b7de0bba
 cwd=/tmp/opencode-test-ldahp42fsq git=/home/mariu/projects/opendora/.opendora/storage/snapshot/de65227a49cf9ae1e279634dd39496f232ae7559 tracking
INFO  2026-05-03T11:01:01 +80ms service=default directory=/tmp/opencode-test-82qvqib1136 creating instance
INFO  2026-05-03T11:01:01 +0ms service=project directory=/tmp/opencode-test-82qvqib1136 fromDirectory
DEBUG 2026-05-03T11:01:01 +35ms service=config path=/home/mariu/projects/opendora/.opendora loading config from OPENCODE_CONFIG_DIR
DEBUG 2026-05-03T11:01:01 +0ms service=config loading config from /home/mariu/projects/opendora/.opendora/opendora.jsonc
INFO  2026-05-03T11:01:01 +0ms service=config path=/home/mariu/projects/opendora/.opendora/opendora.jsonc loading
DEBUG 2026-05-03T11:01:01 +4ms service=config loading config from /home/mariu/projects/opendora/.opendora/opendora.json
INFO  2026-05-03T11:01:01 +0ms service=config path=/home/mariu/projects/opendora/.opendora/opendora.json loading
INFO  2026-05-03T11:01:01 +110ms service=snapshot initialized
INFO  2026-05-03T11:01:01 +34ms service=snapshot hash=e7e32826ceadc1e17820288f436edfeeac93f7e2
 cwd=/tmp/opencode-test-82qvqib1136 git=/home/mariu/projects/opendora/.opendora/storage/snapshot/e629511ff10207b2ecdaad5cfe39a0504330ec2b tracking
INFO  2026-05-03T11:01:01 +50ms service=snapshot hash=cccef70bfbafa37f48441d320fe96262fbc84481
 cwd=/tmp/opencode-test-82qvqib1136 git=/home/mariu/projects/opendora/.opendora/storage/snapshot/e629511ff10207b2ecdaad5cfe39a0504330ec2b tracking
WARN  2026-05-03T11:01:01 +15ms service=bun pkg=@opencode-ai/plugin cachedVersion=* Failed to resolve latest version, using cached
INFO  2026-05-03T11:01:01 +81ms service=default directory=/tmp/opencode-test-cp9d8ja86kv creating instance
INFO  2026-05-03T11:01:01 +1ms service=project directory=/tmp/opencode-test-cp9d8ja86kv fromDirectory
DEBUG 2026-05-03T11:01:01 +35ms service=config path=/home/mariu/projects/opendora/.opendora loading config from OPENCODE_CONFIG_DIR
DEBUG 2026-05-03T11:01:01 +0ms service=config loading config from /home/mariu/projects/opendora/.opendora/opendora.jsonc
INFO  2026-05-03T11:01:01 +0ms service=config path=/home/mariu/projects/opendora/.opendora/opendora.jsonc loading
DEBUG 2026-05-03T11:01:01 +0ms service=config loading config from /home/mariu/projects/opendora/.opendora/opendora.json
INFO  2026-05-03T11:01:01 +0ms service=config path=/home/mariu/projects/opendora/.opendora/opendora.json loading
INFO  2026-05-03T11:01:02 +99ms service=snapshot initialized
INFO  2026-05-03T11:01:02 +43ms service=snapshot hash=cd5c205148eeb37f5dfe9a074c4ab7dfe8059ef8
 cwd=/tmp/opencode-test-cp9d8ja86kv git=/home/mariu/projects/opendora/.opendora/storage/snapshot/ced99cd8e3dfbf1088f6c2afca8c7cc13c8789cc tracking
INFO  2026-05-03T11:01:02 +71ms service=snapshot hash=511a0e9b8e6118a3ba469565e7437f61da9c6ba1
 cwd=/tmp/opencode-test-cp9d8ja86kv git=/home/mariu/projects/opendora/.opendora/storage/snapshot/ced99cd8e3dfbf1088f6c2afca8c7cc13c8789cc tracking
WARN  2026-05-03T11:01:02 +233ms service=bun pkg=@opencode-ai/plugin cachedVersion=* Failed to resolve latest version, using cached
