INFO  2026-05-03T10:58:40 +107ms service=project directory=/tmp/opencode-test-n3k5zwmm3p fromDirectory
INFO  2026-05-03T10:58:40 +48ms service=project directory=/tmp/opencode-test-byxz1zv3q9c fromDirectory
INFO  2026-05-03T10:58:40 +38ms service=project directory=/tmp/opencode-test-yu4gbuvy01 fromDirectory
INFO  2026-05-03T10:58:40 +29ms service=project directory=/tmp/opencode-test-wznqkwok14j fromDirectory
INFO  2026-05-03T10:58:40 +50ms service=project directory=/tmp/opencode-test-5x3c0kfn743 fromDirectory
INFO  2026-05-03T10:58:40 +52ms service=project directory=/tmp/opencode-test-yoouyvd3d7b fromDirectory
INFO  2026-05-03T10:58:40 +85ms service=project directory=/tmp/opencode-test-2z29a9acnl5-worktree fromDirectory
INFO  2026-05-03T10:58:40 +106ms service=project directory=/tmp/opencode-test-87bblv8yjpb-wt1 fromDirectory
INFO  2026-05-03T10:58:40 +22ms service=project directory=/tmp/opencode-test-87bblv8yjpb-wt2 fromDirectory
INFO  2026-05-03T10:58:40 +92ms service=project directory=/tmp/opencode-test-7qqsl0n9cap fromDirectory
INFO  2026-05-03T10:58:40 +62ms service=project directory=/tmp/opencode-test-o2imk7lpeq7 fromDirectory
INFO  2026-05-03T10:58:40 +55ms service=project directory=/tmp/opencode-test-8xg95rumvl9 fromDirectory
INFO  2026-05-03T10:58:40 +42ms service=project directory=/tmp/opencode-test-co60wdye0ag fromDirectory
INFO  2026-05-03T10:58:40 +39ms service=project directory=/tmp/opencode-test-f2zrr5vfrk4 fromDirectory
INFO  2026-05-03T10:58:40 +36ms service=project directory=/tmp/opencode-test-ls43amszpg fromDirectory
INFO  2026-05-03T10:58:40 +55ms service=project directory=/tmp/opencode-test-zh5lh6waia7 fromDirectory
INFO  2026-05-03T10:58:40 +42ms service=project directory=/tmp/opencode-test-dyuw07sk8d fromDirectory
INFO  2026-05-03T10:58:41 +86ms service=default directory=/tmp/opencode-test-j5es5yjye2m creating instance
INFO  2026-05-03T10:58:41 +0ms service=project directory=/tmp/opencode-test-j5es5yjye2m fromDirectory
INFO  2026-05-03T10:58:41 +1ms service=file.time sessionID=test-session-123 file=/tmp/opencode-test-j5es5yjye2m/file.txt read
INFO  2026-05-03T10:58:41 +2ms service=default directory=/tmp/opencode-test-8tx91alhc5q creating instance
INFO  2026-05-03T10:58:41 +0ms service=project directory=/tmp/opencode-test-8tx91alhc5q fromDirectory
INFO  2026-05-03T10:58:41 +1ms service=file.time sessionID=session1 file=/tmp/opencode-test-8tx91alhc5q/file.txt read
INFO  2026-05-03T10:58:41 +0ms service=file.time sessionID=session2 file=/tmp/opencode-test-8tx91alhc5q/file.txt read
INFO  2026-05-03T10:58:41 +2ms service=default directory=/tmp/opencode-test-1fmpg8ejb2i creating instance
INFO  2026-05-03T10:58:41 +0ms service=project directory=/tmp/opencode-test-1fmpg8ejb2i fromDirectory
INFO  2026-05-03T10:58:41 +1ms service=file.time sessionID=test-session-123 file=/tmp/opencode-test-1fmpg8ejb2i/file.txt read
INFO  2026-05-03T10:58:41 +16ms service=file.time sessionID=test-session-123 file=/tmp/opencode-test-1fmpg8ejb2i/file.txt read
INFO  2026-05-03T10:58:41 +1ms service=default directory=/tmp/opencode-test-4a0je5yxvup creating instance
INFO  2026-05-03T10:58:41 +1ms service=project directory=/tmp/opencode-test-4a0je5yxvup fromDirectory
INFO  2026-05-03T10:58:41 +1ms service=file.time sessionID=test-session-123 file=/tmp/opencode-test-4a0je5yxvup/file.txt read
INFO  2026-05-03T10:58:41 +1ms service=default directory=/tmp/opencode-test-xpvusze68ib creating instance
INFO  2026-05-03T10:58:41 +0ms service=project directory=/tmp/opencode-test-xpvusze68ib fromDirectory
INFO  2026-05-03T10:58:41 +3ms service=default directory=/tmp/opencode-test-m5k4d9a7hdm creating instance
INFO  2026-05-03T10:58:41 +0ms service=project directory=/tmp/opencode-test-m5k4d9a7hdm fromDirectory
INFO  2026-05-03T10:58:41 +1ms service=file.time sessionID=test-session-123 file=/tmp/opencode-test-m5k4d9a7hdm/file.txt read
INFO  2026-05-03T10:58:41 +109ms service=default directory=/tmp/opencode-test-8e2vij3ph8 creating instance
INFO  2026-05-03T10:58:41 +0ms service=project directory=/tmp/opencode-test-8e2vij3ph8 fromDirectory
INFO  2026-05-03T10:58:41 +1ms service=file.time sessionID=test-session-123 file=/tmp/opencode-test-8e2vij3ph8/file.txt read
INFO  2026-05-03T10:58:41 +111ms service=default directory=/tmp/opencode-test-a0yt4yzlqb creating instance
INFO  2026-05-03T10:58:41 +0ms service=project directory=/tmp/opencode-test-a0yt4yzlqb fromDirectory
INFO  2026-05-03T10:58:41 +5ms service=default directory=/tmp/opencode-test-bwywiphhexc creating instance
INFO  2026-05-03T10:58:41 +0ms service=project directory=/tmp/opencode-test-bwywiphhexc fromDirectory
INFO  2026-05-03T10:58:41 +4ms service=default directory=/tmp/opencode-test-jsuut86g56 creating instance
INFO  2026-05-03T10:58:41 +0ms service=project directory=/tmp/opencode-test-jsuut86g56 fromDirectory
INFO  2026-05-03T10:58:41 +7ms service=default directory=/tmp/opencode-test-taztblu9usn creating instance
INFO  2026-05-03T10:58:41 +0ms service=project directory=/tmp/opencode-test-taztblu9usn fromDirectory
INFO  2026-05-03T10:58:41 +36ms service=default directory=/tmp/opencode-test-7s4ef217sby creating instance
INFO  2026-05-03T10:58:41 +0ms service=project directory=/tmp/opencode-test-7s4ef217sby fromDirectory
INFO  2026-05-03T10:58:41 +64ms service=default directory=/tmp/opencode-test-fj11k5hszts creating instance
INFO  2026-05-03T10:58:41 +0ms service=project directory=/tmp/opencode-test-fj11k5hszts fromDirectory
INFO  2026-05-03T10:58:41 +4ms service=default directory=/tmp/opencode-test-fveqj0m3mtk creating instance
INFO  2026-05-03T10:58:41 +0ms service=project directory=/tmp/opencode-test-fveqj0m3mtk fromDirectory
INFO  2026-05-03T10:58:41 +104ms service=default directory=/tmp/opencode-test-t352t3sz5kq creating instance
INFO  2026-05-03T10:58:41 +0ms service=project directory=/tmp/opencode-test-t352t3sz5kq fromDirectory
INFO  2026-05-03T10:58:41 +2ms service=file.time sessionID=test-session-123 file=/tmp/opencode-test-t352t3sz5kq/file.txt read
INFO  2026-05-03T10:58:41 +1ms service=default directory=/tmp/opencode-test-tuicazt4cum creating instance
INFO  2026-05-03T10:58:41 +1ms service=project directory=/tmp/opencode-test-tuicazt4cum fromDirectory
INFO  2026-05-03T10:58:41 +1ms service=file.time sessionID=test-session-123 file=/tmp/opencode-test-tuicazt4cum/file.txt read
INFO  2026-05-03T10:58:41 +128ms service=default directory=/tmp/opencode-test-vitydebj0mh creating instance
INFO  2026-05-03T10:58:41 +0ms service=project directory=/tmp/opencode-test-vitydebj0mh fromDirectory
INFO  2026-05-03T10:58:41 +4ms service=file status=started file=../../../etc/passwd read
INFO  2026-05-03T10:58:41 +1ms service=file status=completed duration=1 file=../../../etc/passwd read
INFO  2026-05-03T10:58:41 +1ms service=default directory=/tmp/opencode-test-7me233ig2ui creating instance
INFO  2026-05-03T10:58:41 +0ms service=project directory=/tmp/opencode-test-7me233ig2ui fromDirectory
INFO  2026-05-03T10:58:41 +2ms service=file status=started file=src/nested/../../../../../../../etc/passwd read
INFO  2026-05-03T10:58:41 +0ms service=file status=completed duration=0 file=src/nested/../../../../../../../etc/passwd read
INFO  2026-05-03T10:58:41 +3ms service=default directory=/tmp/opencode-test-4g4batnrki7 creating instance
INFO  2026-05-03T10:58:41 +0ms service=project directory=/tmp/opencode-test-4g4batnrki7 fromDirectory
INFO  2026-05-03T10:58:41 +1ms service=file status=started file=valid.txt read
INFO  2026-05-03T10:58:41 +8ms service=file status=completed duration=8 file=valid.txt read
INFO  2026-05-03T10:58:41 +2ms service=default directory=/tmp/opencode-test-wqa2eg3yj8 creating instance
INFO  2026-05-03T10:58:41 +0ms service=project directory=/tmp/opencode-test-wqa2eg3yj8 fromDirectory
INFO  2026-05-03T10:58:41 +19ms service=default directory=/tmp/opencode-test-hchr6z4r095 creating instance
INFO  2026-05-03T10:58:41 +0ms service=project directory=/tmp/opencode-test-hchr6z4r095 fromDirectory
INFO  2026-05-03T10:58:41 +28ms service=default directory=/tmp/opencode-test-73kxandsq7 creating instance
INFO  2026-05-03T10:58:41 +0ms service=project directory=/tmp/opencode-test-73kxandsq7 fromDirectory
INFO  2026-05-03T10:58:41 +52ms service=default directory=/tmp/opencode-test-hgv7akj95o/packages/lib creating instance
INFO  2026-05-03T10:58:41 +0ms service=project directory=/tmp/opencode-test-hgv7akj95o/packages/lib fromDirectory
INFO  2026-05-03T10:58:41 +59ms service=default directory=/tmp/opencode-test-qwlj4s1qnlf creating instance
INFO  2026-05-03T10:58:41 +0ms service=project directory=/tmp/opencode-test-qwlj4s1qnlf fromDirectory
INFO  2026-05-03T10:58:41 +56ms service=default directory=/tmp/opencode-test-ferdg3kvy1r creating instance
INFO  2026-05-03T10:58:41 +0ms service=project directory=/tmp/opencode-test-ferdg3kvy1r fromDirectory
INFO  2026-05-03T10:58:41 +47ms service=default directory=/tmp/opencode-test-a88sbj523eo creating instance
INFO  2026-05-03T10:58:41 +0ms service=project directory=/tmp/opencode-test-a88sbj523eo fromDirectory
INFO  2026-05-03T10:58:41 +32ms service=default directory=/tmp/opencode-test-5y9semulo2w creating instance
INFO  2026-05-03T10:58:41 +0ms service=project directory=/tmp/opencode-test-5y9semulo2w fromDirectory
INFO  2026-05-03T10:58:41 +17ms service=default directory=/tmp/opencode-test-4ycdny8z464 creating instance
INFO  2026-05-03T10:58:41 +0ms service=project directory=/tmp/opencode-test-4ycdny8z464 fromDirectory
INFO  2026-05-03T10:58:41 +1ms service=file status=started file=test.txt read
INFO  2026-05-03T10:58:41 +0ms service=file status=completed duration=0 file=test.txt read
INFO  2026-05-03T10:58:41 +2ms service=default directory=/tmp/opencode-test-z9tml9taihm creating instance
INFO  2026-05-03T10:58:41 +0ms service=project directory=/tmp/opencode-test-z9tml9taihm fromDirectory
INFO  2026-05-03T10:58:41 +1ms service=file status=started file=nonexistent.txt read
INFO  2026-05-03T10:58:41 +0ms service=file status=completed duration=0 file=nonexistent.txt read
INFO  2026-05-03T10:58:41 +2ms service=default directory=/tmp/opencode-test-yvvl3fxq1n creating instance
INFO  2026-05-03T10:58:41 +0ms service=project directory=/tmp/opencode-test-yvvl3fxq1n fromDirectory
INFO  2026-05-03T10:58:41 +1ms service=file status=started file=test.txt read
INFO  2026-05-03T10:58:41 +0ms service=file status=completed duration=0 file=test.txt read
INFO  2026-05-03T10:58:41 +1ms service=default directory=/tmp/opencode-test-nlgg3kbaps creating instance
INFO  2026-05-03T10:58:41 +1ms service=project directory=/tmp/opencode-test-nlgg3kbaps fromDirectory
INFO  2026-05-03T10:58:41 +1ms service=file status=started file=empty.txt read
INFO  2026-05-03T10:58:41 +6ms service=file status=completed duration=6 file=empty.txt read
INFO  2026-05-03T10:58:41 +2ms service=default directory=/tmp/opencode-test-er6ktn91ybq creating instance
INFO  2026-05-03T10:58:41 +0ms service=project directory=/tmp/opencode-test-er6ktn91ybq fromDirectory
INFO  2026-05-03T10:58:41 +1ms service=file status=started file=multiline.txt read
INFO  2026-05-03T10:58:41 +0ms service=file status=completed duration=0 file=multiline.txt read
INFO  2026-05-03T10:58:41 +2ms service=default directory=/tmp/opencode-test-e9k60dly40g creating instance
INFO  2026-05-03T10:58:41 +0ms service=project directory=/tmp/opencode-test-e9k60dly40g fromDirectory
INFO  2026-05-03T10:58:42 +1ms service=file status=started file=image.png read
INFO  2026-05-03T10:58:42 +0ms service=file status=completed duration=0 file=image.png read
INFO  2026-05-03T10:58:42 +1ms service=default directory=/tmp/opencode-test-tmodcz4h52r creating instance
INFO  2026-05-03T10:58:42 +0ms service=project directory=/tmp/opencode-test-tmodcz4h52r fromDirectory
INFO  2026-05-03T10:58:42 +1ms service=file status=started file=binary.so read
INFO  2026-05-03T10:58:42 +1ms service=file status=completed duration=1 file=binary.so read
INFO  2026-05-03T10:58:42 +1ms service=default directory=/tmp/opencode-test-jxqhxdj9qej creating instance
INFO  2026-05-03T10:58:42 +0ms service=project directory=/tmp/opencode-test-jxqhxdj9qej fromDirectory
INFO  2026-05-03T10:58:42 +1ms service=file status=started file=test.json read
INFO  2026-05-03T10:58:42 +5ms service=file status=completed duration=5 file=test.json read
INFO  2026-05-03T10:58:42 +2ms service=default directory=/tmp/opencode-test-na1k126utqq creating instance
INFO  2026-05-03T10:58:42 +1ms service=project directory=/tmp/opencode-test-na1k126utqq fromDirectory
INFO  2026-05-03T10:58:42 +24ms service=default directory=/tmp/opencode-test-2kq3vnswflz creating instance
INFO  2026-05-03T10:58:42 +0ms service=project directory=/tmp/opencode-test-2kq3vnswflz fromDirectory
INFO  2026-05-03T10:58:42 +75ms service=default directory=/tmp/opencode-test-3of8kjoq1sc creating instance
INFO  2026-05-03T10:58:42 +0ms service=project directory=/tmp/opencode-test-3of8kjoq1sc fromDirectory
INFO  2026-05-03T10:58:42 +47ms service=default directory=/tmp/opencode-test-c0qvp5urbpk creating instance
INFO  2026-05-03T10:58:42 +0ms service=project directory=/tmp/opencode-test-c0qvp5urbpk fromDirectory
INFO  2026-05-03T10:58:42 +62ms service=default directory=/tmp/opencode-test-9chk342xjib creating instance
INFO  2026-05-03T10:58:42 +0ms service=project directory=/tmp/opencode-test-9chk342xjib fromDirectory
INFO  2026-05-03T10:58:42 +25ms service=default directory=/tmp/opencode-test-pvd6zou6igs creating instance
INFO  2026-05-03T10:58:42 +0ms service=project directory=/tmp/opencode-test-pvd6zou6igs fromDirectory
INFO  2026-05-03T10:58:42 +2ms service=file status=started file=does-not-exist.txt read
INFO  2026-05-03T10:58:42 +0ms service=file status=completed duration=0 file=does-not-exist.txt read
INFO  2026-05-03T10:58:42 +11ms service=default directory=/tmp/opencode-test-v119z5rm0p creating instance
INFO  2026-05-03T10:58:42 +0ms service=project directory=/tmp/opencode-test-v119z5rm0p fromDirectory
INFO  2026-05-03T10:58:42 +4ms service=default directory=/tmp/opencode-test-z1gvnsgxzw creating instance
INFO  2026-05-03T10:58:42 +0ms service=project directory=/tmp/opencode-test-z1gvnsgxzw fromDirectory
INFO  2026-05-03T10:58:42 +2ms service=file status=started file=broken.png read
INFO  2026-05-03T10:58:42 +0ms service=file status=completed duration=0 file=broken.png read
INFO  2026-05-03T10:58:42 +8ms service=default directory=/tmp/opencode-test-7ltlu8esrmm creating instance
INFO  2026-05-03T10:58:42 +0ms service=project directory=/tmp/opencode-test-7ltlu8esrmm fromDirectory
INFO  2026-05-03T10:58:42 +1ms service=file status=started file=test.ts read
INFO  2026-05-03T10:58:42 +1ms service=file status=completed duration=1 file=test.ts read
INFO  2026-05-03T10:58:42 +1ms service=default directory=/tmp/opencode-test-233395enb8f creating instance
INFO  2026-05-03T10:58:42 +0ms service=project directory=/tmp/opencode-test-233395enb8f fromDirectory
INFO  2026-05-03T10:58:42 +1ms service=file status=started file=test.mts read
INFO  2026-05-03T10:58:42 +1ms service=file status=completed duration=1 file=test.mts read
INFO  2026-05-03T10:58:42 +1ms service=default directory=/tmp/opencode-test-sr2dsb1lbn9 creating instance
INFO  2026-05-03T10:58:42 +0ms service=project directory=/tmp/opencode-test-sr2dsb1lbn9 fromDirectory
INFO  2026-05-03T10:58:42 +1ms service=file status=started file=test.sh read
INFO  2026-05-03T10:58:42 +1ms service=file status=completed duration=1 file=test.sh read
INFO  2026-05-03T10:58:42 +7ms service=default directory=/tmp/opencode-test-896sagq09jn creating instance
INFO  2026-05-03T10:58:42 +0ms service=project directory=/tmp/opencode-test-896sagq09jn fromDirectory
INFO  2026-05-03T10:58:42 +1ms service=file status=started file=Dockerfile read
INFO  2026-05-03T10:58:42 +1ms service=file status=completed duration=1 file=Dockerfile read
INFO  2026-05-03T10:58:42 +1ms service=default directory=/tmp/opencode-test-fgdxylg6lel creating instance
INFO  2026-05-03T10:58:42 +0ms service=project directory=/tmp/opencode-test-fgdxylg6lel fromDirectory
INFO  2026-05-03T10:58:42 +1ms service=file status=started file=test.txt read
INFO  2026-05-03T10:58:42 +0ms service=file status=completed duration=0 file=test.txt read
INFO  2026-05-03T10:58:42 +2ms service=default directory=/tmp/opencode-test-ogrbf5g7jm creating instance
INFO  2026-05-03T10:58:42 +0ms service=project directory=/tmp/opencode-test-ogrbf5g7jm fromDirectory
INFO  2026-05-03T10:58:42 +1ms service=file status=started file=test.jpg read
INFO  2026-05-03T10:58:42 +1ms service=file status=completed duration=0 file=test.jpg read
INFO  2026-05-03T10:58:42 +1ms service=default directory=/tmp/opencode-test-cxq3qox04c creating instance
INFO  2026-05-03T10:58:42 +0ms service=project directory=/tmp/opencode-test-cxq3qox04c fromDirectory
INFO  2026-05-03T10:58:42 +2ms service=file status=started file=../outside.txt read
INFO  2026-05-03T10:58:42 +0ms service=file status=completed duration=0 file=../outside.txt read
INFO  2026-05-03T10:58:42 +6ms service=default directory=/tmp/opencode-test-xxbohsajw3n creating instance
INFO  2026-05-03T10:58:42 +0ms service=project directory=/tmp/opencode-test-xxbohsajw3n fromDirectory
INFO  2026-05-03T10:58:42 +1ms service=file status=started file=../outside.txt read
INFO  2026-05-03T10:58:42 +1ms service=file status=completed duration=1 file=../outside.txt read
INFO  2026-05-03T10:58:42 +577ms service=default directory=/tmp/opencode-test-5u5h2fqs6i creating instance
INFO  2026-05-03T10:58:42 +0ms service=project directory=/tmp/opencode-test-5u5h2fqs6i fromDirectory
INFO  2026-05-03T10:58:42 +35ms service=default directory=/tmp/opencode-test-8hxaa059w7g creating instance
INFO  2026-05-03T10:58:42 +0ms service=project directory=/tmp/opencode-test-8hxaa059w7g fromDirectory
INFO  2026-05-03T10:58:42 +39ms service=default directory=/tmp/opencode-test-om8b52giocf creating instance
INFO  2026-05-03T10:58:42 +1ms service=project directory=/tmp/opencode-test-om8b52giocf fromDirectory
INFO  2026-05-03T10:58:42 +39ms service=default directory=/tmp/opencode-test-yfl9lomirz creating instance
INFO  2026-05-03T10:58:42 +0ms service=project directory=/tmp/opencode-test-yfl9lomirz fromDirectory
INFO  2026-05-03T10:58:43 +36ms service=default directory=/tmp/opencode-test-l58u93s7wlr creating instance
INFO  2026-05-03T10:58:43 +0ms service=project directory=/tmp/opencode-test-l58u93s7wlr fromDirectory
INFO  2026-05-03T10:58:43 +38ms service=default directory=/tmp/opencode-test-zalaaspjwma creating instance
INFO  2026-05-03T10:58:43 +0ms service=project directory=/tmp/opencode-test-zalaaspjwma fromDirectory
INFO  2026-05-03T10:58:43 +45ms service=default directory=/tmp/opencode-test-qwnhue9xp9 creating instance
INFO  2026-05-03T10:58:43 +0ms service=project directory=/tmp/opencode-test-qwnhue9xp9 fromDirectory
INFO  2026-05-03T10:58:43 +39ms service=default directory=/tmp/opencode-test-2f94c6gx0j7 creating instance
INFO  2026-05-03T10:58:43 +0ms service=project directory=/tmp/opencode-test-2f94c6gx0j7 fromDirectory
INFO  2026-05-03T10:58:43 +41ms service=default directory=/tmp/opencode-test-hw8p69e6at creating instance
INFO  2026-05-03T10:58:43 +0ms service=project directory=/tmp/opencode-test-hw8p69e6at fromDirectory
INFO  2026-05-03T10:58:43 +60ms service=default directory=/tmp/opencode-test-gagckwp28f9 creating instance
INFO  2026-05-03T10:58:43 +0ms service=project directory=/tmp/opencode-test-gagckwp28f9 fromDirectory
INFO  2026-05-03T10:58:43 +55ms service=default directory=/tmp/opencode-test-o0rv3evlq1k creating instance
INFO  2026-05-03T10:58:43 +0ms service=project directory=/tmp/opencode-test-o0rv3evlq1k fromDirectory
INFO  2026-05-03T10:58:43 +50ms service=default directory=/tmp/opencode-test-dgsrwdxt106 creating instance
INFO  2026-05-03T10:58:43 +0ms service=project directory=/tmp/opencode-test-dgsrwdxt106 fromDirectory
INFO  2026-05-03T10:58:43 +76ms service=default directory=/tmp/opencode-test-tq1fxqfnmlr creating instance
INFO  2026-05-03T10:58:43 +0ms service=project directory=/tmp/opencode-test-tq1fxqfnmlr fromDirectory
INFO  2026-05-03T10:58:43 +19ms service=default directory=/tmp/opencode-test-o6blsq6goc9 creating instance
INFO  2026-05-03T10:58:43 +1ms service=project directory=/tmp/opencode-test-o6blsq6goc9 fromDirectory
INFO  2026-05-03T10:58:43 +6ms service=tui.migrate path=/tmp/opencode-test-o6blsq6goc9/opencode.json backup=/tmp/opencode-test-o6blsq6goc9/opencode.json.tui-migration.bak stripped tui keys from server config
INFO  2026-05-03T10:58:43 +0ms service=tui.migrate from=/tmp/opencode-test-o6blsq6goc9/opencode.json to=/tmp/opencode-test-o6blsq6goc9/tui.json migrated tui config
INFO  2026-05-03T10:58:43 +15ms service=default directory=/tmp/opencode-test-91733y8uutd creating instance
INFO  2026-05-03T10:58:43 +0ms service=project directory=/tmp/opencode-test-91733y8uutd fromDirectory
INFO  2026-05-03T10:58:43 +4ms service=tui.migrate path=/tmp/opencode-test-91733y8uutd/opencode.json backup=/tmp/opencode-test-91733y8uutd/opencode.json.tui-migration.bak stripped tui keys from server config
INFO  2026-05-03T10:58:43 +0ms service=tui.migrate from=/tmp/opencode-test-91733y8uutd/opencode.json to=/tmp/opencode-test-91733y8uutd/tui.json migrated tui config
INFO  2026-05-03T10:58:43 +14ms service=default directory=/tmp/opencode-test-z6uot4e40kp creating instance
INFO  2026-05-03T10:58:43 +0ms service=project directory=/tmp/opencode-test-z6uot4e40kp fromDirectory
INFO  2026-05-03T10:58:43 +3ms service=tui.migrate path=/tmp/opencode-test-z6uot4e40kp/opencode.json backup=/tmp/opencode-test-z6uot4e40kp/opencode.json.tui-migration.bak stripped tui keys from server config
INFO  2026-05-03T10:58:43 +0ms service=tui.migrate from=/tmp/opencode-test-z6uot4e40kp/opencode.json to=/tmp/opencode-test-z6uot4e40kp/tui.json migrated tui config
INFO  2026-05-03T10:58:43 +16ms service=default directory=/tmp/opencode-test-habnqx43gk creating instance
INFO  2026-05-03T10:58:43 +0ms service=project directory=/tmp/opencode-test-habnqx43gk fromDirectory
INFO  2026-05-03T10:58:43 +14ms service=default directory=/tmp/opencode-test-gpys7ax49bu creating instance
INFO  2026-05-03T10:58:43 +0ms service=project directory=/tmp/opencode-test-gpys7ax49bu fromDirectory
INFO  2026-05-03T10:58:43 +14ms service=default directory=/tmp/opencode-test-n94hmob0k8 creating instance
INFO  2026-05-03T10:58:43 +0ms service=project directory=/tmp/opencode-test-n94hmob0k8 fromDirectory
WARN  2026-05-03T10:58:43 +3ms service=tui.migrate path=/tmp/opencode-test-n94hmob0k8/opencode.json backup=/tmp/opencode-test-n94hmob0k8/opencode.json.tui-migration.bak error=EACCES: permission denied, open '/tmp/opencode-test-n94hmob0k8/opencode.json' failed to strip legacy tui keys from server config
WARN  2026-05-03T10:58:43 +0ms service=tui.migrate from=/tmp/opencode-test-n94hmob0k8/opencode.json to=/tmp/opencode-test-n94hmob0k8/tui.json tui config migrated but source file was not stripped
INFO  2026-05-03T10:58:43 +12ms service=default directory=/tmp/opencode-test-gf6wsv7cy9 creating instance
INFO  2026-05-03T10:58:43 +0ms service=project directory=/tmp/opencode-test-gf6wsv7cy9 fromDirectory
INFO  2026-05-03T10:58:43 +3ms service=tui.migrate path=/tmp/opencode-test-gf6wsv7cy9/opencode.jsonc backup=/tmp/opencode-test-gf6wsv7cy9/opencode.jsonc.tui-migration.bak stripped tui keys from server config
INFO  2026-05-03T10:58:43 +0ms service=tui.migrate from=/tmp/opencode-test-gf6wsv7cy9/opencode.jsonc to=/tmp/opencode-test-gf6wsv7cy9/tui.json migrated tui config
INFO  2026-05-03T10:58:43 +13ms service=default directory=/tmp/opencode-test-wnc3g5s79ll/apps/client creating instance
INFO  2026-05-03T10:58:43 +0ms service=project directory=/tmp/opencode-test-wnc3g5s79ll/apps/client fromDirectory
INFO  2026-05-03T10:58:43 +3ms service=tui.migrate path=/tmp/opencode-test-wnc3g5s79ll/opencode.json backup=/tmp/opencode-test-wnc3g5s79ll/opencode.json.tui-migration.bak stripped tui keys from server config
INFO  2026-05-03T10:58:43 +0ms service=tui.migrate from=/tmp/opencode-test-wnc3g5s79ll/opencode.json to=/tmp/opencode-test-wnc3g5s79ll/tui.json migrated tui config
INFO  2026-05-03T10:58:43 +1ms service=tui.migrate path=/tmp/opencode-test-wnc3g5s79ll/apps/client/opencode.json backup=/tmp/opencode-test-wnc3g5s79ll/apps/client/opencode.json.tui-migration.bak stripped tui keys from server config
INFO  2026-05-03T10:58:43 +0ms service=tui.migrate from=/tmp/opencode-test-wnc3g5s79ll/apps/client/opencode.json to=/tmp/opencode-test-wnc3g5s79ll/apps/client/tui.json migrated tui config
INFO  2026-05-03T10:58:43 +9ms service=default directory=/tmp/opencode-test-6sl75uwa8bo creating instance
INFO  2026-05-03T10:58:43 +0ms service=project directory=/tmp/opencode-test-6sl75uwa8bo fromDirectory
INFO  2026-05-03T10:58:43 +6ms service=default directory=/tmp/opencode-test-55v0hvc2q4q creating instance
INFO  2026-05-03T10:58:43 +0ms service=project directory=/tmp/opencode-test-55v0hvc2q4q fromDirectory
INFO  2026-05-03T10:58:43 +17ms service=default directory=/tmp/opencode-test-z87yx8qmyn8 creating instance
INFO  2026-05-03T10:58:43 +0ms service=project directory=/tmp/opencode-test-z87yx8qmyn8 fromDirectory
DEBUG 2026-05-03T10:58:43 +2ms service=tui.config path=/tmp/opencode-test-z87yx8qmyn8/custom-tui.json loaded custom tui config
INFO  2026-05-03T10:58:43 +11ms service=default directory=/tmp/opencode-test-swj1tjgnum creating instance
INFO  2026-05-03T10:58:43 +0ms service=project directory=/tmp/opencode-test-swj1tjgnum fromDirectory
INFO  2026-05-03T10:58:43 +16ms service=default directory=/tmp/opencode-test-gxzs4hzpk7u creating instance
INFO  2026-05-03T10:58:43 +0ms service=project directory=/tmp/opencode-test-gxzs4hzpk7u fromDirectory
DEBUG 2026-05-03T10:58:43 +2ms service=tui.config path=/tmp/opencode-test-gxzs4hzpk7u/custom-tui.json loaded custom tui config
INFO  2026-05-03T10:58:43 +12ms service=default directory=/tmp/opencode-test-dlvkfqb1k2h creating instance
INFO  2026-05-03T10:58:43 +0ms service=project directory=/tmp/opencode-test-dlvkfqb1k2h fromDirectory
INFO  2026-05-03T10:58:43 +6ms service=default directory=/tmp/opencode-test-rlc6nb8uzn8 creating instance
INFO  2026-05-03T10:58:43 +0ms service=project directory=/tmp/opencode-test-rlc6nb8uzn8 fromDirectory
INFO  2026-05-03T10:58:43 +35ms service=default directory=/tmp/opencode-test-ziob67hgs3s creating instance
INFO  2026-05-03T10:58:43 +0ms service=project directory=/tmp/opencode-test-ziob67hgs3s fromDirectory
INFO  2026-05-03T10:58:43 +16ms service=default directory=/tmp/opencode-test-y2wcc65hwi creating instance
INFO  2026-05-03T10:58:43 +0ms service=project directory=/tmp/opencode-test-y2wcc65hwi fromDirectory
INFO  2026-05-03T10:58:43 +18ms service=default directory=/tmp/opencode-test-luv0lmrhgys creating instance
INFO  2026-05-03T10:58:43 +0ms service=project directory=/tmp/opencode-test-luv0lmrhgys fromDirectory
INFO  2026-05-03T10:58:43 +14ms service=default directory=/tmp/opencode-test-qz7cr1t4b29 creating instance
INFO  2026-05-03T10:58:43 +1ms service=project directory=/tmp/opencode-test-qz7cr1t4b29 fromDirectory
WARN  2026-05-03T10:58:43 +4ms service=tui.config path=/tmp/opencode-test-qz7cr1t4b29/tui.json error=ConfigJsonError failed to load tui config
INFO  2026-05-03T10:58:43 +42ms service=default directory=/tmp/opencode-test-jkswfvtz4fi creating instance
INFO  2026-05-03T10:58:43 +0ms service=project directory=/tmp/opencode-test-jkswfvtz4fi fromDirectory
DEBUG 2026-05-03T10:58:43 +11ms service=config path=/home/mariu/projects/opendora/.opendora loading config from OPENCODE_CONFIG_DIR
DEBUG 2026-05-03T10:58:43 +0ms service=config loading config from /home/mariu/projects/opendora/.opendora/opendora.jsonc
INFO  2026-05-03T10:58:43 +0ms service=config path=/home/mariu/projects/opendora/.opendora/opendora.jsonc loading
DEBUG 2026-05-03T10:58:43 +0ms service=config loading config from /home/mariu/projects/opendora/.opendora/opendora.json
INFO  2026-05-03T10:58:43 +0ms service=config path=/home/mariu/projects/opendora/.opendora/opendora.json loading
INFO  2026-05-03T10:58:43 +53ms service=default directory=/tmp/opencode-test-4gi5x5sh2d5 creating instance
INFO  2026-05-03T10:58:43 +0ms service=project directory=/tmp/opencode-test-4gi5x5sh2d5 fromDirectory
INFO  2026-05-03T10:58:43 +4ms service=config path=/tmp/opencode-test-4gi5x5sh2d5/opencode.json loading
DEBUG 2026-05-03T10:58:43 +12ms service=config path=/home/mariu/projects/opendora/.opendora loading config from OPENCODE_CONFIG_DIR
DEBUG 2026-05-03T10:58:43 +0ms service=config loading config from /home/mariu/projects/opendora/.opendora/opendora.jsonc
INFO  2026-05-03T10:58:43 +0ms service=config path=/home/mariu/projects/opendora/.opendora/opendora.jsonc loading
DEBUG 2026-05-03T10:58:43 +0ms service=config loading config from /home/mariu/projects/opendora/.opendora/opendora.json
INFO  2026-05-03T10:58:43 +0ms service=config path=/home/mariu/projects/opendora/.opendora/opendora.json loading
INFO  2026-05-03T10:58:43 +47ms service=default directory=/tmp/opencode-test-i3w0plf219o creating instance
INFO  2026-05-03T10:58:43 +0ms service=project directory=/tmp/opencode-test-i3w0plf219o fromDirectory
INFO  2026-05-03T10:58:43 +3ms service=config path=/tmp/opencode-test-i3w0plf219o/opencode.json loading
WARN  2026-05-03T10:58:43 +1ms service=config path=/tmp/opencode-test-i3w0plf219o/opencode.json tui keys in opencode config are deprecated; move them to tui.json
DEBUG 2026-05-03T10:58:43 +1ms service=config path=/home/mariu/projects/opendora/.opendora loading config from OPENCODE_CONFIG_DIR
DEBUG 2026-05-03T10:58:43 +0ms service=config loading config from /home/mariu/projects/opendora/.opendora/opendora.jsonc
INFO  2026-05-03T10:58:43 +0ms service=config path=/home/mariu/projects/opendora/.opendora/opendora.jsonc loading
DEBUG 2026-05-03T10:58:43 +0ms service=config loading config from /home/mariu/projects/opendora/.opendora/opendora.json
INFO  2026-05-03T10:58:43 +0ms service=config path=/home/mariu/projects/opendora/.opendora/opendora.json loading
INFO  2026-05-03T10:58:43 +62ms service=default directory=/tmp/opencode-test-xefbmyo555b creating instance
INFO  2026-05-03T10:58:43 +0ms service=project directory=/tmp/opencode-test-xefbmyo555b fromDirectory
INFO  2026-05-03T10:58:43 +2ms service=config path=/tmp/opencode-test-xefbmyo555b/opencode.jsonc loading
DEBUG 2026-05-03T10:58:43 +2ms service=config path=/home/mariu/projects/opendora/.opendora loading config from OPENCODE_CONFIG_DIR
DEBUG 2026-05-03T10:58:43 +0ms service=config loading config from /home/mariu/projects/opendora/.opendora/opendora.jsonc
INFO  2026-05-03T10:58:43 +0ms service=config path=/home/mariu/projects/opendora/.opendora/opendora.jsonc loading
DEBUG 2026-05-03T10:58:43 +0ms service=config loading config from /home/mariu/projects/opendora/.opendora/opendora.json
INFO  2026-05-03T10:58:43 +0ms service=config path=/home/mariu/projects/opendora/.opendora/opendora.json loading
INFO  2026-05-03T10:58:44 +67ms service=default directory=/tmp/opencode-test-a71e813qyx creating instance
INFO  2026-05-03T10:58:44 +0ms service=project directory=/tmp/opencode-test-a71e813qyx fromDirectory
INFO  2026-05-03T10:58:44 +12ms service=config path=/tmp/opencode-test-a71e813qyx/opencode.jsonc loading
INFO  2026-05-03T10:58:44 +1ms service=config path=/tmp/opencode-test-a71e813qyx/opencode.json loading
DEBUG 2026-05-03T10:58:44 +1ms service=config path=/home/mariu/projects/opendora/.opendora loading config from OPENCODE_CONFIG_DIR
DEBUG 2026-05-03T10:58:44 +0ms service=config loading config from /home/mariu/projects/opendora/.opendora/opendora.jsonc
INFO  2026-05-03T10:58:44 +0ms service=config path=/home/mariu/projects/opendora/.opendora/opendora.jsonc loading
DEBUG 2026-05-03T10:58:44 +0ms service=config loading config from /home/mariu/projects/opendora/.opendora/opendora.json
INFO  2026-05-03T10:58:44 +0ms service=config path=/home/mariu/projects/opendora/.opendora/opendora.json loading
INFO  2026-05-03T10:58:44 +50ms service=default directory=/tmp/opencode-test-p51y2fliewa creating instance
INFO  2026-05-03T10:58:44 +0ms service=project directory=/tmp/opencode-test-p51y2fliewa fromDirectory
INFO  2026-05-03T10:58:44 +10ms service=config path=/tmp/opencode-test-p51y2fliewa/opencode.json loading
DEBUG 2026-05-03T10:58:44 +13ms service=config path=/home/mariu/projects/opendora/.opendora loading config from OPENCODE_CONFIG_DIR
DEBUG 2026-05-03T10:58:44 +0ms service=config loading config from /home/mariu/projects/opendora/.opendora/opendora.jsonc
INFO  2026-05-03T10:58:44 +0ms service=config path=/home/mariu/projects/opendora/.opendora/opendora.jsonc loading
DEBUG 2026-05-03T10:58:44 +0ms service=config loading config from /home/mariu/projects/opendora/.opendora/opendora.json
INFO  2026-05-03T10:58:44 +0ms service=config path=/home/mariu/projects/opendora/.opendora/opendora.json loading
INFO  2026-05-03T10:58:44 +72ms service=default directory=/tmp/opencode-test-hbvikl410zs creating instance
INFO  2026-05-03T10:58:44 +0ms service=project directory=/tmp/opencode-test-hbvikl410zs fromDirectory
INFO  2026-05-03T10:58:44 +12ms service=config path=/tmp/opencode-test-hbvikl410zs/opencode.json loading
DEBUG 2026-05-03T10:58:44 +2ms service=config path=/home/mariu/projects/opendora/.opendora loading config from OPENCODE_CONFIG_DIR
DEBUG 2026-05-03T10:58:44 +0ms service=config loading config from /home/mariu/projects/opendora/.opendora/opendora.jsonc
INFO  2026-05-03T10:58:44 +0ms service=config path=/home/mariu/projects/opendora/.opendora/opendora.jsonc loading
DEBUG 2026-05-03T10:58:44 +0ms service=config loading config from /home/mariu/projects/opendora/.opendora/opendora.json
INFO  2026-05-03T10:58:44 +0ms service=config path=/home/mariu/projects/opendora/.opendora/opendora.json loading
INFO  2026-05-03T10:58:44 +72ms service=default directory=/tmp/opencode-test-5tfpxr0lffw creating instance
INFO  2026-05-03T10:58:44 +0ms service=project directory=/tmp/opencode-test-5tfpxr0lffw fromDirectory
INFO  2026-05-03T10:58:44 +12ms service=config path=/tmp/opencode-test-5tfpxr0lffw/opencode.json loading
DEBUG 2026-05-03T10:58:44 +2ms service=config path=/home/mariu/projects/opendora/.opendora loading config from OPENCODE_CONFIG_DIR
DEBUG 2026-05-03T10:58:44 +0ms service=config loading config from /home/mariu/projects/opendora/.opendora/opendora.jsonc
INFO  2026-05-03T10:58:44 +0ms service=config path=/home/mariu/projects/opendora/.opendora/opendora.jsonc loading
DEBUG 2026-05-03T10:58:44 +1ms service=config loading config from /home/mariu/projects/opendora/.opendora/opendora.json
INFO  2026-05-03T10:58:44 +0ms service=config path=/home/mariu/projects/opendora/.opendora/opendora.json loading
INFO  2026-05-03T10:58:44 +63ms service=default directory=/tmp/opencode-test-4v8vbp5gzsn creating instance
INFO  2026-05-03T10:58:44 +0ms service=project directory=/tmp/opencode-test-4v8vbp5gzsn fromDirectory
INFO  2026-05-03T10:58:44 +4ms service=config path=/tmp/opencode-test-4v8vbp5gzsn/opencode.json loading
DEBUG 2026-05-03T10:58:44 +1ms service=config path=/home/mariu/projects/opendora/.opendora loading config from OPENCODE_CONFIG_DIR
DEBUG 2026-05-03T10:58:44 +0ms service=config loading config from /home/mariu/projects/opendora/.opendora/opendora.jsonc
INFO  2026-05-03T10:58:44 +0ms service=config path=/home/mariu/projects/opendora/.opendora/opendora.jsonc loading
DEBUG 2026-05-03T10:58:44 +10ms service=config loading config from /home/mariu/projects/opendora/.opendora/opendora.json
INFO  2026-05-03T10:58:44 +0ms service=config path=/home/mariu/projects/opendora/.opendora/opendora.json loading
INFO  2026-05-03T10:58:44 +50ms service=default directory=/tmp/opencode-test-ytxrg6zt4pq creating instance
INFO  2026-05-03T10:58:44 +0ms service=project directory=/tmp/opencode-test-ytxrg6zt4pq fromDirectory
INFO  2026-05-03T10:58:44 +3ms service=config path=/tmp/opencode-test-ytxrg6zt4pq/opencode.json loading
INFO  2026-05-03T10:58:44 +14ms service=default directory=/tmp/opencode-test-n2rm2gg8hxt creating instance
INFO  2026-05-03T10:58:44 +0ms service=project directory=/tmp/opencode-test-n2rm2gg8hxt fromDirectory
INFO  2026-05-03T10:58:44 +4ms service=config path=/tmp/opencode-test-n2rm2gg8hxt/opencode.json loading
INFO  2026-05-03T10:58:44 +13ms service=default directory=/tmp/opencode-test-cis8bo38kff creating instance
INFO  2026-05-03T10:58:44 +0ms service=project directory=/tmp/opencode-test-cis8bo38kff fromDirectory
INFO  2026-05-03T10:58:44 +3ms service=config path=/tmp/opencode-test-cis8bo38kff/opencode.json loading
DEBUG 2026-05-03T10:58:44 +3ms service=config path=/home/mariu/projects/opendora/.opendora loading config from OPENCODE_CONFIG_DIR
DEBUG 2026-05-03T10:58:44 +1ms service=config loading config from /home/mariu/projects/opendora/.opendora/opendora.jsonc
INFO  2026-05-03T10:58:44 +0ms service=config path=/home/mariu/projects/opendora/.opendora/opendora.jsonc loading
DEBUG 2026-05-03T10:58:44 +10ms service=config loading config from /home/mariu/projects/opendora/.opendora/opendora.json
INFO  2026-05-03T10:58:44 +0ms service=config path=/home/mariu/projects/opendora/.opendora/opendora.json loading
INFO  2026-05-03T10:58:44 +86ms service=default directory=/tmp/opencode-test-a21a046ofx4 creating instance
INFO  2026-05-03T10:58:44 +0ms service=project directory=/tmp/opencode-test-a21a046ofx4 fromDirectory
INFO  2026-05-03T10:58:44 +12ms service=config path=/tmp/opencode-test-a21a046ofx4/opencode.json loading
DEBUG 2026-05-03T10:58:44 +1ms service=config path=/home/mariu/projects/opendora/.opendora loading config from OPENCODE_CONFIG_DIR
DEBUG 2026-05-03T10:58:44 +0ms service=config loading config from /home/mariu/projects/opendora/.opendora/opendora.jsonc
INFO  2026-05-03T10:58:44 +0ms service=config path=/home/mariu/projects/opendora/.opendora/opendora.jsonc loading
DEBUG 2026-05-03T10:58:44 +1ms service=config loading config from /home/mariu/projects/opendora/.opendora/opendora.json
INFO  2026-05-03T10:58:44 +0ms service=config path=/home/mariu/projects/opendora/.opendora/opendora.json loading
INFO  2026-05-03T10:58:44 +112ms service=default directory=/tmp/opencode-test-xluawefggaf creating instance
INFO  2026-05-03T10:58:44 +0ms service=project directory=/tmp/opencode-test-xluawefggaf fromDirectory
INFO  2026-05-03T10:58:44 +5ms service=config path=/tmp/opencode-test-xluawefggaf/opencode.json loading
DEBUG 2026-05-03T10:58:44 +5ms service=config path=/home/mariu/projects/opendora/.opendora loading config from OPENCODE_CONFIG_DIR
DEBUG 2026-05-03T10:58:44 +0ms service=config loading config from /home/mariu/projects/opendora/.opendora/opendora.jsonc
INFO  2026-05-03T10:58:44 +0ms service=config path=/home/mariu/projects/opendora/.opendora/opendora.jsonc loading
DEBUG 2026-05-03T10:58:44 +0ms service=config loading config from /home/mariu/projects/opendora/.opendora/opendora.json
INFO  2026-05-03T10:58:44 +1ms service=config path=/home/mariu/projects/opendora/.opendora/opendora.json loading
WARN  2026-05-03T10:58:44 +96ms service=bun pkg=@opencode-ai/plugin cachedVersion=* Failed to resolve latest version, using cached
INFO  2026-05-03T10:58:44 +126ms service=default directory=/tmp/opencode-test-oo6y89bhkb9 creating instance
INFO  2026-05-03T10:58:44 +0ms service=project directory=/tmp/opencode-test-oo6y89bhkb9 fromDirectory
INFO  2026-05-03T10:58:44 +7ms service=config path=/tmp/opencode-test-oo6y89bhkb9/opencode.json loading
DEBUG 2026-05-03T10:58:44 +3ms service=config path=/home/mariu/projects/opendora/.opendora loading config from OPENCODE_CONFIG_DIR
DEBUG 2026-05-03T10:58:44 +0ms service=config loading config from /home/mariu/projects/opendora/.opendora/opendora.jsonc
INFO  2026-05-03T10:58:44 +0ms service=config path=/home/mariu/projects/opendora/.opendora/opendora.jsonc loading
DEBUG 2026-05-03T10:58:44 +2ms service=config loading config from /home/mariu/projects/opendora/.opendora/opendora.json
INFO  2026-05-03T10:58:44 +1ms service=config path=/home/mariu/projects/opendora/.opendora/opendora.json loading
INFO  2026-05-03T10:58:45 +133ms service=default directory=/tmp/opencode-test-xhfxj97kjy9 creating instance
INFO  2026-05-03T10:58:45 +0ms service=project directory=/tmp/opencode-test-xhfxj97kjy9 fromDirectory
INFO  2026-05-03T10:58:45 +7ms service=config path=/tmp/opencode-test-xhfxj97kjy9/opencode.json loading
DEBUG 2026-05-03T10:58:45 +6ms service=config path=/home/mariu/projects/opendora/.opendora loading config from OPENCODE_CONFIG_DIR
DEBUG 2026-05-03T10:58:45 +0ms service=config loading config from /home/mariu/projects/opendora/.opendora/opendora.jsonc
INFO  2026-05-03T10:58:45 +0ms service=config path=/home/mariu/projects/opendora/.opendora/opendora.jsonc loading
DEBUG 2026-05-03T10:58:45 +13ms service=config loading config from /home/mariu/projects/opendora/.opendora/opendora.json
INFO  2026-05-03T10:58:45 +0ms service=config path=/home/mariu/projects/opendora/.opendora/opendora.json loading
INFO  2026-05-03T10:58:45 +189ms service=default directory=/tmp/opencode-test-gk5k6pql508 creating instance
INFO  2026-05-03T10:58:45 +1ms service=project directory=/tmp/opencode-test-gk5k6pql508 fromDirectory
DEBUG 2026-05-03T10:58:45 +22ms service=config path=/home/mariu/projects/opendora/.opendora loading config from OPENCODE_CONFIG_DIR
DEBUG 2026-05-03T10:58:45 +0ms service=config loading config from /home/mariu/projects/opendora/.opendora/opendora.jsonc
INFO  2026-05-03T10:58:45 +0ms service=config path=/home/mariu/projects/opendora/.opendora/opendora.jsonc loading
DEBUG 2026-05-03T10:58:45 +29ms service=config loading config from /home/mariu/projects/opendora/.opendora/opendora.json
INFO  2026-05-03T10:58:45 +0ms service=config path=/home/mariu/projects/opendora/.opendora/opendora.json loading
INFO  2026-05-03T10:58:45 +251ms service=default directory=/tmp/opencode-test-411zjrkdwn6 creating instance
INFO  2026-05-03T10:58:45 +1ms service=project directory=/tmp/opencode-test-411zjrkdwn6 fromDirectory
DEBUG 2026-05-03T10:58:45 +5ms service=config path=/home/mariu/projects/opendora/.opendora loading config from OPENCODE_CONFIG_DIR
DEBUG 2026-05-03T10:58:45 +0ms service=config loading config from /home/mariu/projects/opendora/.opendora/opendora.jsonc
INFO  2026-05-03T10:58:45 +0ms service=config path=/home/mariu/projects/opendora/.opendora/opendora.jsonc loading
DEBUG 2026-05-03T10:58:45 +13ms service=config loading config from /home/mariu/projects/opendora/.opendora/opendora.json
INFO  2026-05-03T10:58:45 +0ms service=config path=/home/mariu/projects/opendora/.opendora/opendora.json loading
INFO  2026-05-03T10:58:45 +143ms service=default directory=/tmp/opencode-test-rchelfs5wlp creating instance
INFO  2026-05-03T10:58:45 +0ms service=project directory=/tmp/opencode-test-rchelfs5wlp fromDirectory
DEBUG 2026-05-03T10:58:45 +8ms service=config path=/home/mariu/projects/opendora/.opendora loading config from OPENCODE_CONFIG_DIR
DEBUG 2026-05-03T10:58:45 +1ms service=config loading config from /home/mariu/projects/opendora/.opendora/opendora.jsonc
INFO  2026-05-03T10:58:45 +0ms service=config path=/home/mariu/projects/opendora/.opendora/opendora.jsonc loading
DEBUG 2026-05-03T10:58:45 +1ms service=config loading config from /home/mariu/projects/opendora/.opendora/opendora.json
INFO  2026-05-03T10:58:45 +0ms service=config path=/home/mariu/projects/opendora/.opendora/opendora.json loading
INFO  2026-05-03T10:58:46 +540ms service=default directory=/tmp/opencode-test-2g3vn5jnd24 creating instance
INFO  2026-05-03T10:58:46 +1ms service=project directory=/tmp/opencode-test-2g3vn5jnd24 fromDirectory
DEBUG 2026-05-03T10:58:46 +6ms service=config path=/home/mariu/projects/opendora/.opendora loading config from OPENCODE_CONFIG_DIR
DEBUG 2026-05-03T10:58:46 +0ms service=config loading config from /home/mariu/projects/opendora/.opendora/opendora.jsonc
INFO  2026-05-03T10:58:46 +0ms service=config path=/home/mariu/projects/opendora/.opendora/opendora.jsonc loading
DEBUG 2026-05-03T10:58:46 +6ms service=config loading config from /home/mariu/projects/opendora/.opendora/opendora.json
INFO  2026-05-03T10:58:46 +1ms service=config path=/home/mariu/projects/opendora/.opendora/opendora.json loading
WARN  2026-05-03T10:58:46 +201ms service=bun pkg=@opencode-ai/plugin cachedVersion=* Failed to resolve latest version, using cached
INFO  2026-05-03T10:58:46 +251ms service=default directory=/tmp/opencode-test-2q7nnssho5c creating instance
INFO  2026-05-03T10:58:46 +0ms service=project directory=/tmp/opencode-test-2q7nnssho5c fromDirectory
INFO  2026-05-03T10:58:46 +5ms service=config path=/home/mariu/projects/opendora/.opendora/opendora.json loading
INFO  2026-05-03T10:58:46 +48ms service=default directory=/tmp/opencode-test-2q7nnssho5c disposing instance
INFO  2026-05-03T10:58:46 +83ms service=default directory=/tmp/opencode-test-8te4zvubc1 creating instance
INFO  2026-05-03T10:58:46 +0ms service=project directory=/tmp/opencode-test-8te4zvubc1 fromDirectory
DEBUG 2026-05-03T10:58:46 +62ms service=config path=/home/mariu/projects/opendora/.opendora loading config from OPENCODE_CONFIG_DIR
DEBUG 2026-05-03T10:58:46 +0ms service=config loading config from /home/mariu/projects/opendora/.opendora/opendora.jsonc
INFO  2026-05-03T10:58:46 +0ms service=config path=/home/mariu/projects/opendora/.opendora/opendora.jsonc loading
DEBUG 2026-05-03T10:58:46 +9ms service=config loading config from /home/mariu/projects/opendora/.opendora/opendora.json
INFO  2026-05-03T10:58:47 +18ms service=config path=/home/mariu/projects/opendora/.opendora/opendora.json loading
INFO  2026-05-03T10:58:47 +746ms service=default directory=/tmp/opencode-test-ol77q5rgcwb creating instance
INFO  2026-05-03T10:58:47 +1ms service=project directory=/tmp/opencode-test-ol77q5rgcwb fromDirectory
DEBUG 2026-05-03T10:58:47 +5ms service=config path=/tmp/opencode-test-ol77q5rgcwb/readonly loading config from OPENCODE_CONFIG_DIR
DEBUG 2026-05-03T10:58:47 +0ms service=config loading config from /home/mariu/projects/opendora/.opendora/opendora.jsonc
INFO  2026-05-03T10:58:47 +0ms service=config path=/home/mariu/projects/opendora/.opendora/opendora.jsonc loading
DEBUG 2026-05-03T10:58:47 +1ms service=config loading config from /home/mariu/projects/opendora/.opendora/opendora.json
INFO  2026-05-03T10:58:47 +0ms service=config path=/home/mariu/projects/opendora/.opendora/opendora.json loading
WARN  2026-05-03T10:58:47 +58ms service=bun pkg=@opencode-ai/plugin cachedVersion=* Failed to resolve latest version, using cached
WARN  2026-05-03T10:58:48 +283ms service=bun pkg=@opencode-ai/plugin cachedVersion=* Failed to resolve latest version, using cached
DEBUG 2026-05-03T10:58:48 +241ms service=config loading config from /tmp/opencode-test-ol77q5rgcwb/readonly/opendora.jsonc
INFO  2026-05-03T10:58:48 +0ms service=config path=/tmp/opencode-test-ol77q5rgcwb/readonly/opendora.jsonc loading
DEBUG 2026-05-03T10:58:48 +3ms service=config loading config from /tmp/opencode-test-ol77q5rgcwb/readonly/opendora.json
INFO  2026-05-03T10:58:48 +0ms service=config path=/tmp/opencode-test-ol77q5rgcwb/readonly/opendora.json loading
DEBUG 2026-05-03T10:58:48 +79ms service=config dir=/tmp/opencode-test-ol77q5rgcwb/readonly config dir is not writable, skipping dependency install
WARN  2026-05-03T10:58:48 +205ms service=bun pkg=@opencode-ai/plugin cachedVersion=* Failed to resolve latest version, using cached
INFO  2026-05-03T10:58:48 +63ms service=default directory=/tmp/opencode-test-7d265cjxfn7 creating instance
INFO  2026-05-03T10:58:48 +1ms service=project directory=/tmp/opencode-test-7d265cjxfn7 fromDirectory
DEBUG 2026-05-03T10:58:48 +9ms service=config path=/tmp/opencode-test-7d265cjxfn7/configdir loading config from OPENCODE_CONFIG_DIR
DEBUG 2026-05-03T10:58:48 +1ms service=config loading config from /home/mariu/projects/opendora/.opendora/opendora.jsonc
INFO  2026-05-03T10:58:48 +0ms service=config path=/home/mariu/projects/opendora/.opendora/opendora.jsonc loading
DEBUG 2026-05-03T10:58:48 +0ms service=config loading config from /home/mariu/projects/opendora/.opendora/opendora.json
INFO  2026-05-03T10:58:48 +34ms service=config path=/home/mariu/projects/opendora/.opendora/opendora.json loading
DEBUG 2026-05-03T10:58:49 +749ms service=config loading config from /tmp/opencode-test-7d265cjxfn7/configdir/opendora.jsonc
INFO  2026-05-03T10:58:49 +1ms service=config path=/tmp/opencode-test-7d265cjxfn7/configdir/opendora.jsonc loading
DEBUG 2026-05-03T10:58:49 +1ms service=config loading config from /tmp/opencode-test-7d265cjxfn7/configdir/opendora.json
INFO  2026-05-03T10:58:49 +0ms service=config path=/tmp/opencode-test-7d265cjxfn7/configdir/opendora.json loading
INFO  2026-05-03T10:58:49 +32ms service=bun cmd=["/home/mariu/.bun/bin/bun","install"] cwd=/tmp/opencode-test-7d265cjxfn7/configdir running
WARN  2026-05-03T10:58:49 +22ms service=bun pkg=@opencode-ai/plugin cachedVersion=* Failed to resolve latest version, using cached
WARN  2026-05-03T10:58:49 +376ms service=bun pkg=@opencode-ai/plugin cachedVersion=* Failed to resolve latest version, using cached
WARN  2026-05-03T10:58:50 +240ms service=bun pkg=@opencode-ai/plugin cachedVersion=* Failed to resolve latest version, using cached
WARN  2026-05-03T10:58:50 +249ms service=bun pkg=@opencode-ai/plugin cachedVersion=* Failed to resolve latest version, using cached
WARN  2026-05-03T10:58:50 +375ms service=bun pkg=@opencode-ai/plugin cachedVersion=* Failed to resolve latest version, using cached
WARN  2026-05-03T10:58:50 +170ms service=bun pkg=@opencode-ai/plugin cachedVersion=* Failed to resolve latest version, using cached
WARN  2026-05-03T10:58:51 +273ms service=bun pkg=@opencode-ai/plugin cachedVersion=* Failed to resolve latest version, using cached
WARN  2026-05-03T10:58:51 +13ms service=bun pkg=@opencode-ai/plugin cachedVersion=* Failed to resolve latest version, using cached
WARN  2026-05-03T10:58:51 +53ms service=bun pkg=@opencode-ai/plugin cachedVersion=* Failed to resolve latest version, using cached
WARN  2026-05-03T10:58:51 +30ms service=bun pkg=@opencode-ai/plugin cachedVersion=* Failed to resolve latest version, using cached
WARN  2026-05-03T10:58:51 +21ms service=bun pkg=@opencode-ai/plugin cachedVersion=* Failed to resolve latest version, using cached
WARN  2026-05-03T10:58:51 +25ms service=bun pkg=@opencode-ai/plugin cachedVersion=* Failed to resolve latest version, using cached
WARN  2026-05-03T10:58:51 +83ms service=bun pkg=@opencode-ai/plugin cachedVersion=* Failed to resolve latest version, using cached
WARN  2026-05-03T10:58:52 +989ms service=bun pkg=@opencode-ai/plugin cachedVersion=* Failed to resolve latest version, using cached
WARN  2026-05-03T10:58:52 +94ms service=bun pkg=@opencode-ai/plugin cachedVersion=* Failed to resolve latest version, using cached
WARN  2026-05-03T10:58:52 +43ms service=bun pkg=@opencode-ai/plugin cachedVersion=* Failed to resolve latest version, using cached
INFO  2026-05-03T10:58:53 +882ms service=bun code=0 stdout= stderr= done
INFO  2026-05-03T10:58:53 +4ms service=default directory=/tmp/opencode-test-jfmdvy6twy creating instance
INFO  2026-05-03T10:58:53 +0ms service=project directory=/tmp/opencode-test-jfmdvy6twy fromDirectory
INFO  2026-05-03T10:58:53 +3ms service=config path=/tmp/opencode-test-jfmdvy6twy/opencode.json loading
DEBUG 2026-05-03T10:58:53 +1ms service=config path=/home/mariu/projects/opendora/.opendora loading config from OPENCODE_CONFIG_DIR
DEBUG 2026-05-03T10:58:53 +0ms service=config loading config from /home/mariu/projects/opendora/.opendora/opendora.jsonc
INFO  2026-05-03T10:58:53 +0ms service=config path=/home/mariu/projects/opendora/.opendora/opendora.jsonc loading
DEBUG 2026-05-03T10:58:53 +1ms service=config loading config from /home/mariu/projects/opendora/.opendora/opendora.json
INFO  2026-05-03T10:58:53 +0ms service=config path=/home/mariu/projects/opendora/.opendora/opendora.json loading
INFO  2026-05-03T10:58:53 +22ms service=default directory=/tmp/opencode-test-uqq3lzqvj5/project creating instance
INFO  2026-05-03T10:58:53 +0ms service=project directory=/tmp/opencode-test-uqq3lzqvj5/project fromDirectory
INFO  2026-05-03T10:58:53 +2ms service=config path=/tmp/opencode-test-uqq3lzqvj5/opencode.json loading
DEBUG 2026-05-03T10:58:53 +9ms service=config path=/home/mariu/projects/opendora/.opendora loading config from OPENCODE_CONFIG_DIR
DEBUG 2026-05-03T10:58:53 +0ms service=config loading config from /home/mariu/projects/opendora/.opendora/opendora.jsonc
INFO  2026-05-03T10:58:53 +0ms service=config path=/home/mariu/projects/opendora/.opendora/opendora.jsonc loading
DEBUG 2026-05-03T10:58:53 +0ms service=config loading config from /home/mariu/projects/opendora/.opendora/opendora.json
INFO  2026-05-03T10:58:53 +0ms service=config path=/home/mariu/projects/opendora/.opendora/opendora.json loading
INFO  2026-05-03T10:58:53 +23ms service=default directory=/tmp/opencode-test-gohoj7z0dw creating instance
INFO  2026-05-03T10:58:53 +0ms service=project directory=/tmp/opencode-test-gohoj7z0dw fromDirectory
DEBUG 2026-05-03T10:58:53 +9ms service=config path=/home/mariu/projects/opendora/.opendora loading config from OPENCODE_CONFIG_DIR
DEBUG 2026-05-03T10:58:53 +0ms service=config loading config from /home/mariu/projects/opendora/.opendora/opendora.jsonc
INFO  2026-05-03T10:58:53 +0ms service=config path=/home/mariu/projects/opendora/.opendora/opendora.jsonc loading
DEBUG 2026-05-03T10:58:53 +0ms service=config loading config from /home/mariu/projects/opendora/.opendora/opendora.json
INFO  2026-05-03T10:58:53 +0ms service=config path=/home/mariu/projects/opendora/.opendora/opendora.json loading
INFO  2026-05-03T10:58:53 +37ms service=default directory=/tmp/opencode-test-9u63cxh1c7g/project creating instance
INFO  2026-05-03T10:58:53 +0ms service=project directory=/tmp/opencode-test-9u63cxh1c7g/project fromDirectory
INFO  2026-05-03T10:58:53 +2ms service=config path=/tmp/opencode-test-9u63cxh1c7g/opencode.json loading
DEBUG 2026-05-03T10:58:53 +1ms service=config path=/home/mariu/projects/opendora/.opendora loading config from OPENCODE_CONFIG_DIR
DEBUG 2026-05-03T10:58:53 +0ms service=config loading config from /home/mariu/projects/opendora/.opendora/opendora.jsonc
INFO  2026-05-03T10:58:53 +0ms service=config path=/home/mariu/projects/opendora/.opendora/opendora.jsonc loading
DEBUG 2026-05-03T10:58:53 +0ms service=config loading config from /home/mariu/projects/opendora/.opendora/opendora.json
INFO  2026-05-03T10:58:53 +0ms service=config path=/home/mariu/projects/opendora/.opendora/opendora.json loading
INFO  2026-05-03T10:58:53 +28ms service=default directory=/tmp/opencode-test-hgu67u1buri/project creating instance
INFO  2026-05-03T10:58:53 +0ms service=project directory=/tmp/opencode-test-hgu67u1buri/project fromDirectory
INFO  2026-05-03T10:58:53 +2ms service=config path=/tmp/opencode-test-hgu67u1buri/opencode.json loading
DEBUG 2026-05-03T10:58:53 +0ms service=config path=/home/mariu/projects/opendora/.opendora loading config from OPENCODE_CONFIG_DIR
DEBUG 2026-05-03T10:58:53 +0ms service=config loading config from /home/mariu/projects/opendora/.opendora/opendora.jsonc
INFO  2026-05-03T10:58:53 +0ms service=config path=/home/mariu/projects/opendora/.opendora/opendora.jsonc loading
DEBUG 2026-05-03T10:58:53 +1ms service=config loading config from /home/mariu/projects/opendora/.opendora/opendora.json
INFO  2026-05-03T10:58:53 +0ms service=config path=/home/mariu/projects/opendora/.opendora/opendora.json loading
INFO  2026-05-03T10:58:53 +28ms service=default directory=/tmp/opencode-test-07i2t3wn8d3e/project creating instance
INFO  2026-05-03T10:58:53 +0ms service=project directory=/tmp/opencode-test-07i2t3wn8d3e/project fromDirectory
INFO  2026-05-03T10:58:53 +3ms service=config path=/tmp/opencode-test-07i2t3wn8d3e/opencode.json loading
DEBUG 2026-05-03T10:58:53 +1ms service=config path=/home/mariu/projects/opendora/.opendora loading config from OPENCODE_CONFIG_DIR
DEBUG 2026-05-03T10:58:53 +0ms service=config loading config from /home/mariu/projects/opendora/.opendora/opendora.jsonc
INFO  2026-05-03T10:58:53 +0ms service=config path=/home/mariu/projects/opendora/.opendora/opendora.jsonc loading
DEBUG 2026-05-03T10:58:53 +0ms service=config loading config from /home/mariu/projects/opendora/.opendora/opendora.json
INFO  2026-05-03T10:58:53 +0ms service=config path=/home/mariu/projects/opendora/.opendora/opendora.json loading
INFO  2026-05-03T10:58:53 +44ms service=default directory=/tmp/opencode-test-e4lrueidoil creating instance
INFO  2026-05-03T10:58:53 +0ms service=project directory=/tmp/opencode-test-e4lrueidoil fromDirectory
INFO  2026-05-03T10:58:53 +2ms service=config path=/tmp/opencode-test-e4lrueidoil/opencode.json loading
DEBUG 2026-05-03T10:58:53 +8ms service=config path=/home/mariu/projects/opendora/.opendora loading config from OPENCODE_CONFIG_DIR
DEBUG 2026-05-03T10:58:53 +0ms service=config loading config from /home/mariu/projects/opendora/.opendora/opendora.jsonc
INFO  2026-05-03T10:58:53 +0ms service=config path=/home/mariu/projects/opendora/.opendora/opendora.jsonc loading
DEBUG 2026-05-03T10:58:53 +6ms service=config loading config from /home/mariu/projects/opendora/.opendora/opendora.json
INFO  2026-05-03T10:58:53 +0ms service=config path=/home/mariu/projects/opendora/.opendora/opendora.json loading
INFO  2026-05-03T10:58:53 +24ms service=default directory=/tmp/opencode-test-cf9mu8he3r5 creating instance
INFO  2026-05-03T10:58:53 +0ms service=project directory=/tmp/opencode-test-cf9mu8he3r5 fromDirectory
INFO  2026-05-03T10:58:53 +13ms service=config path=/tmp/opencode-test-cf9mu8he3r5/opencode.json loading
DEBUG 2026-05-03T10:58:53 +1ms service=config path=/home/mariu/projects/opendora/.opendora loading config from OPENCODE_CONFIG_DIR
DEBUG 2026-05-03T10:58:53 +0ms service=config loading config from /home/mariu/projects/opendora/.opendora/opendora.jsonc
INFO  2026-05-03T10:58:53 +0ms service=config path=/home/mariu/projects/opendora/.opendora/opendora.jsonc loading
DEBUG 2026-05-03T10:58:53 +0ms service=config loading config from /home/mariu/projects/opendora/.opendora/opendora.json
INFO  2026-05-03T10:58:53 +0ms service=config path=/home/mariu/projects/opendora/.opendora/opendora.json loading
INFO  2026-05-03T10:58:53 +46ms service=default directory=/tmp/opencode-test-xng4j7f0pl creating instance
INFO  2026-05-03T10:58:53 +0ms service=project directory=/tmp/opencode-test-xng4j7f0pl fromDirectory
INFO  2026-05-03T10:58:53 +2ms service=config path=/tmp/opencode-test-xng4j7f0pl/opencode.json loading
DEBUG 2026-05-03T10:58:53 +1ms service=config path=/home/mariu/projects/opendora/.opendora loading config from OPENCODE_CONFIG_DIR
DEBUG 2026-05-03T10:58:53 +0ms service=config loading config from /home/mariu/projects/opendora/.opendora/opendora.jsonc
INFO  2026-05-03T10:58:53 +0ms service=config path=/home/mariu/projects/opendora/.opendora/opendora.jsonc loading
DEBUG 2026-05-03T10:58:53 +1ms service=config loading config from /home/mariu/projects/opendora/.opendora/opendora.json
INFO  2026-05-03T10:58:53 +0ms service=config path=/home/mariu/projects/opendora/.opendora/opendora.json loading
INFO  2026-05-03T10:58:53 +49ms service=default directory=/tmp/opencode-test-b1co69jqpzr creating instance
INFO  2026-05-03T10:58:53 +9ms service=project directory=/tmp/opencode-test-b1co69jqpzr fromDirectory
INFO  2026-05-03T10:58:53 +12ms service=config path=/tmp/opencode-test-b1co69jqpzr/opencode.json loading
DEBUG 2026-05-03T10:58:53 +1ms service=config path=/home/mariu/projects/opendora/.opendora loading config from OPENCODE_CONFIG_DIR
DEBUG 2026-05-03T10:58:53 +0ms service=config loading config from /home/mariu/projects/opendora/.opendora/opendora.jsonc
INFO  2026-05-03T10:58:53 +0ms service=config path=/home/mariu/projects/opendora/.opendora/opendora.jsonc loading
DEBUG 2026-05-03T10:58:53 +1ms service=config loading config from /home/mariu/projects/opendora/.opendora/opendora.json
INFO  2026-05-03T10:58:53 +0ms service=config path=/home/mariu/projects/opendora/.opendora/opendora.json loading
INFO  2026-05-03T10:58:53 +51ms service=config path=/tmp/opencode-test-data-57652/managed/opencode.jsonc loading
INFO  2026-05-03T10:58:53 +1ms service=config path=/tmp/opencode-test-data-57652/managed/opencode.json loading
INFO  2026-05-03T10:58:53 +27ms service=default directory=/tmp/opencode-test-r07g3tyxjy creating instance
INFO  2026-05-03T10:58:53 +0ms service=project directory=/tmp/opencode-test-r07g3tyxjy fromDirectory
INFO  2026-05-03T10:58:53 +3ms service=config path=/tmp/opencode-test-r07g3tyxjy/opencode.json loading
DEBUG 2026-05-03T10:58:53 +2ms service=config path=/home/mariu/projects/opendora/.opendora loading config from OPENCODE_CONFIG_DIR
DEBUG 2026-05-03T10:58:53 +0ms service=config loading config from /home/mariu/projects/opendora/.opendora/opendora.jsonc
INFO  2026-05-03T10:58:53 +0ms service=config path=/home/mariu/projects/opendora/.opendora/opendora.jsonc loading
DEBUG 2026-05-03T10:58:53 +0ms service=config loading config from /home/mariu/projects/opendora/.opendora/opendora.json
INFO  2026-05-03T10:58:53 +0ms service=config path=/home/mariu/projects/opendora/.opendora/opendora.json loading
INFO  2026-05-03T10:58:54 +81ms service=config path=/tmp/opencode-test-data-57652/managed/opencode.jsonc loading
INFO  2026-05-03T10:58:54 +0ms service=config path=/tmp/opencode-test-data-57652/managed/opencode.json loading
INFO  2026-05-03T10:58:54 +16ms service=default directory=/tmp/opencode-test-6loth8c8gt4 creating instance
INFO  2026-05-03T10:58:54 +1ms service=project directory=/tmp/opencode-test-6loth8c8gt4 fromDirectory
INFO  2026-05-03T10:58:54 +16ms service=config path=/tmp/opencode-test-6loth8c8gt4/opencode.json loading
DEBUG 2026-05-03T10:58:54 +1ms service=config path=/home/mariu/projects/opendora/.opendora loading config from OPENCODE_CONFIG_DIR
DEBUG 2026-05-03T10:58:54 +1ms service=config loading config from /home/mariu/projects/opendora/.opendora/opendora.jsonc
INFO  2026-05-03T10:58:54 +0ms service=config path=/home/mariu/projects/opendora/.opendora/opendora.jsonc loading
DEBUG 2026-05-03T10:58:54 +0ms service=config loading config from /home/mariu/projects/opendora/.opendora/opendora.json
INFO  2026-05-03T10:58:54 +0ms service=config path=/home/mariu/projects/opendora/.opendora/opendora.json loading
INFO  2026-05-03T10:58:54 +100ms service=default directory=/tmp/opencode-test-g4bhc2q76as creating instance
INFO  2026-05-03T10:58:54 +0ms service=project directory=/tmp/opencode-test-g4bhc2q76as fromDirectory
INFO  2026-05-03T10:58:54 +4ms service=config path=/tmp/opencode-test-g4bhc2q76as/opencode.json loading
DEBUG 2026-05-03T10:58:54 +12ms service=config path=/home/mariu/projects/opendora/.opendora loading config from OPENCODE_CONFIG_DIR
DEBUG 2026-05-03T10:58:54 +0ms service=config loading config from /home/mariu/projects/opendora/.opendora/opendora.jsonc
INFO  2026-05-03T10:58:54 +0ms service=config path=/home/mariu/projects/opendora/.opendora/opendora.jsonc loading
DEBUG 2026-05-03T10:58:54 +1ms service=config loading config from /home/mariu/projects/opendora/.opendora/opendora.json
INFO  2026-05-03T10:58:54 +0ms service=config path=/home/mariu/projects/opendora/.opendora/opendora.json loading
INFO  2026-05-03T10:58:54 +177ms service=default directory=/tmp/opencode-test-xzw73pak40k creating instance
INFO  2026-05-03T10:58:54 +0ms service=project directory=/tmp/opencode-test-xzw73pak40k fromDirectory
INFO  2026-05-03T10:58:54 +4ms service=config path=/tmp/opencode-test-xzw73pak40k/opencode.json loading
DEBUG 2026-05-03T10:58:54 +11ms service=config path=/home/mariu/projects/opendora/.opendora loading config from OPENCODE_CONFIG_DIR
DEBUG 2026-05-03T10:58:54 +0ms service=config loading config from /home/mariu/projects/opendora/.opendora/opendora.jsonc
INFO  2026-05-03T10:58:54 +0ms service=config path=/home/mariu/projects/opendora/.opendora/opendora.jsonc loading
DEBUG 2026-05-03T10:58:54 +1ms service=config loading config from /home/mariu/projects/opendora/.opendora/opendora.json
INFO  2026-05-03T10:58:54 +0ms service=config path=/home/mariu/projects/opendora/.opendora/opendora.json loading
INFO  2026-05-03T10:58:54 +167ms service=default directory=/tmp/opencode-test-1r0mlxmc5i creating instance
INFO  2026-05-03T10:58:54 +16ms service=project directory=/tmp/opencode-test-1r0mlxmc5i fromDirectory
INFO  2026-05-03T10:58:54 +30ms service=config path=/tmp/opencode-test-1r0mlxmc5i/opencode.json loading
DEBUG 2026-05-03T10:58:54 +14ms service=config path=/home/mariu/projects/opendora/.opendora loading config from OPENCODE_CONFIG_DIR
DEBUG 2026-05-03T10:58:54 +1ms service=config loading config from /home/mariu/projects/opendora/.opendora/opendora.jsonc
INFO  2026-05-03T10:58:54 +0ms service=config path=/home/mariu/projects/opendora/.opendora/opendora.jsonc loading
DEBUG 2026-05-03T10:58:54 +1ms service=config loading config from /home/mariu/projects/opendora/.opendora/opendora.json
INFO  2026-05-03T10:58:54 +0ms service=config path=/home/mariu/projects/opendora/.opendora/opendora.json loading
INFO  2026-05-03T10:58:54 +156ms service=default directory=/tmp/opencode-test-lm0me7bu39 creating instance
INFO  2026-05-03T10:58:54 +0ms service=project directory=/tmp/opencode-test-lm0me7bu39 fromDirectory
INFO  2026-05-03T10:58:54 +41ms service=config path=/tmp/opencode-test-lm0me7bu39/opencode.json loading
DEBUG 2026-05-03T10:58:54 +17ms service=config path=/home/mariu/projects/opendora/.opendora loading config from OPENCODE_CONFIG_DIR
DEBUG 2026-05-03T10:58:54 +0ms service=config loading config from /home/mariu/projects/opendora/.opendora/opendora.jsonc
INFO  2026-05-03T10:58:54 +0ms service=config path=/home/mariu/projects/opendora/.opendora/opendora.jsonc loading
DEBUG 2026-05-03T10:58:54 +16ms service=config loading config from /home/mariu/projects/opendora/.opendora/opendora.json
INFO  2026-05-03T10:58:54 +1ms service=config path=/home/mariu/projects/opendora/.opendora/opendora.json loading
INFO  2026-05-03T10:58:55 +192ms service=default directory=/tmp/opencode-test-c7agis4x6du creating instance
INFO  2026-05-03T10:58:55 +1ms service=project directory=/tmp/opencode-test-c7agis4x6du fromDirectory
INFO  2026-05-03T10:58:55 +7ms service=config path=/tmp/opencode-test-c7agis4x6du/opencode.json loading
DEBUG 2026-05-03T10:58:55 +13ms service=config path=/home/mariu/projects/opendora/.opendora loading config from OPENCODE_CONFIG_DIR
DEBUG 2026-05-03T10:58:55 +1ms service=config loading config from /home/mariu/projects/opendora/.opendora/opendora.jsonc
INFO  2026-05-03T10:58:55 +0ms service=config path=/home/mariu/projects/opendora/.opendora/opendora.jsonc loading
DEBUG 2026-05-03T10:58:55 +0ms service=config loading config from /home/mariu/projects/opendora/.opendora/opendora.json
INFO  2026-05-03T10:58:55 +0ms service=config path=/home/mariu/projects/opendora/.opendora/opendora.json loading
WARN  2026-05-03T10:58:55 +71ms service=bun pkg=@opencode-ai/plugin cachedVersion=* Failed to resolve latest version, using cached
INFO  2026-05-03T10:58:55 +223ms service=default directory=/tmp/opencode-test-c7105x7iu2p creating instance
INFO  2026-05-03T10:58:55 +0ms service=project directory=/tmp/opencode-test-c7105x7iu2p fromDirectory
INFO  2026-05-03T10:58:55 +34ms service=config path=/tmp/opencode-test-c7105x7iu2p/opencode.json loading
DEBUG 2026-05-03T10:58:55 +36ms service=config path=/home/mariu/projects/opendora/.opendora loading config from OPENCODE_CONFIG_DIR
DEBUG 2026-05-03T10:58:55 +1ms service=config loading config from /home/mariu/projects/opendora/.opendora/opendora.jsonc
INFO  2026-05-03T10:58:55 +0ms service=config path=/home/mariu/projects/opendora/.opendora/opendora.jsonc loading
DEBUG 2026-05-03T10:58:55 +2ms service=config loading config from /home/mariu/projects/opendora/.opendora/opendora.json
INFO  2026-05-03T10:58:55 +0ms service=config path=/home/mariu/projects/opendora/.opendora/opendora.json loading
INFO  2026-05-03T10:58:55 +348ms service=default directory=/tmp/opencode-test-z48cn8lh3j creating instance
INFO  2026-05-03T10:58:55 +0ms service=project directory=/tmp/opencode-test-z48cn8lh3j fromDirectory
INFO  2026-05-03T10:58:55 +25ms service=config path=/tmp/opencode-test-z48cn8lh3j/opencode.jsonc loading
INFO  2026-05-03T10:58:55 +33ms service=config path=/tmp/opencode-test-z48cn8lh3j/opencode.json loading
DEBUG 2026-05-03T10:58:55 +20ms service=config path=/home/mariu/projects/opendora/.opendora loading config from OPENCODE_CONFIG_DIR
DEBUG 2026-05-03T10:58:55 +1ms service=config loading config from /home/mariu/projects/opendora/.opendora/opendora.jsonc
INFO  2026-05-03T10:58:55 +0ms service=config path=/home/mariu/projects/opendora/.opendora/opendora.jsonc loading
DEBUG 2026-05-03T10:58:55 +7ms service=config loading config from /home/mariu/projects/opendora/.opendora/opendora.json
INFO  2026-05-03T10:58:55 +0ms service=config path=/home/mariu/projects/opendora/.opendora/opendora.json loading
INFO  2026-05-03T10:58:56 +243ms service=default directory=/tmp/opencode-test-io3oartg7p creating instance
INFO  2026-05-03T10:58:56 +0ms service=project directory=/tmp/opencode-test-io3oartg7p fromDirectory
INFO  2026-05-03T10:58:56 +8ms service=config path=/tmp/opencode-test-io3oartg7p/opencode.jsonc loading
INFO  2026-05-03T10:58:56 +16ms service=config path=/tmp/opencode-test-io3oartg7p/opencode.json loading
DEBUG 2026-05-03T10:58:56 +16ms service=config path=/home/mariu/projects/opendora/.opendora loading config from OPENCODE_CONFIG_DIR
DEBUG 2026-05-03T10:58:56 +0ms service=config loading config from /home/mariu/projects/opendora/.opendora/opendora.jsonc
INFO  2026-05-03T10:58:56 +0ms service=config path=/home/mariu/projects/opendora/.opendora/opendora.jsonc loading
DEBUG 2026-05-03T10:58:56 +0ms service=config loading config from /home/mariu/projects/opendora/.opendora/opendora.json
INFO  2026-05-03T10:58:56 +1ms service=config path=/home/mariu/projects/opendora/.opendora/opendora.json loading
INFO  2026-05-03T10:58:56 +454ms service=default directory=/tmp/opencode-test-7pk2g5su9j4 creating instance
INFO  2026-05-03T10:58:56 +3ms service=project directory=/tmp/opencode-test-7pk2g5su9j4 fromDirectory
INFO  2026-05-03T10:58:56 +74ms service=config path=/tmp/opencode-test-7pk2g5su9j4/opencode.json loading
DEBUG 2026-05-03T10:58:56 +20ms service=config path=/home/mariu/projects/opendora/.opendora loading config from OPENCODE_CONFIG_DIR
DEBUG 2026-05-03T10:58:56 +0ms service=config loading config from /home/mariu/projects/opendora/.opendora/opendora.jsonc
INFO  2026-05-03T10:58:56 +0ms service=config path=/home/mariu/projects/opendora/.opendora/opendora.jsonc loading
DEBUG 2026-05-03T10:58:56 +54ms service=config loading config from /home/mariu/projects/opendora/.opendora/opendora.json
INFO  2026-05-03T10:58:56 +1ms service=config path=/home/mariu/projects/opendora/.opendora/opendora.json loading
WARN  2026-05-03T10:58:57 +478ms service=bun pkg=@opencode-ai/plugin cachedVersion=* Failed to resolve latest version, using cached
WARN  2026-05-03T10:58:57 +171ms service=bun pkg=@opencode-ai/plugin cachedVersion=* Failed to resolve latest version, using cached
INFO  2026-05-03T10:58:57 +82ms service=default directory=/tmp/opencode-test-17hk94vnp36 creating instance
INFO  2026-05-03T10:58:57 +0ms service=project directory=/tmp/opencode-test-17hk94vnp36 fromDirectory
DEBUG 2026-05-03T10:58:57 +161ms service=config url=https://example.com/.well-known/opencode fetching remote config
DEBUG 2026-05-03T10:58:57 +7ms service=config url=https://example.com loaded remote config from well-known
INFO  2026-05-03T10:58:57 +2ms service=config path=/tmp/opencode-test-17hk94vnp36/opencode.json loading
DEBUG 2026-05-03T10:58:57 +48ms service=config path=/home/mariu/projects/opendora/.opendora loading config from OPENCODE_CONFIG_DIR
DEBUG 2026-05-03T10:58:57 +1ms service=config loading config from /home/mariu/projects/opendora/.opendora/opendora.jsonc
INFO  2026-05-03T10:58:57 +0ms service=config path=/home/mariu/projects/opendora/.opendora/opendora.jsonc loading
DEBUG 2026-05-03T10:58:57 +0ms service=config loading config from /home/mariu/projects/opendora/.opendora/opendora.json
INFO  2026-05-03T10:58:57 +0ms service=config path=/home/mariu/projects/opendora/.opendora/opendora.json loading
WARN  2026-05-03T10:58:57 +1ms service=bun pkg=@opencode-ai/plugin cachedVersion=* Failed to resolve latest version, using cached
WARN  2026-05-03T10:58:57 +169ms service=bun pkg=@opencode-ai/plugin cachedVersion=* Failed to resolve latest version, using cached
INFO  2026-05-03T10:58:57 +78ms service=default directory=/tmp/opencode-test-54ltz60at2m/project creating instance
INFO  2026-05-03T10:58:57 +0ms service=project directory=/tmp/opencode-test-54ltz60at2m/project fromDirectory
INFO  2026-05-03T10:58:57 +46ms service=config path=/tmp/opencode-test-54ltz60at2m/opencode.json loading
DEBUG 2026-05-03T10:58:57 +2ms service=config path=/home/mariu/projects/opendora/.opendora loading config from OPENCODE_CONFIG_DIR
DEBUG 2026-05-03T10:58:57 +0ms service=config loading config from /home/mariu/projects/opendora/.opendora/opendora.jsonc
INFO  2026-05-03T10:58:57 +0ms service=config path=/home/mariu/projects/opendora/.opendora/opendora.jsonc loading
DEBUG 2026-05-03T10:58:57 +4ms service=config loading config from /home/mariu/projects/opendora/.opendora/opendora.json
INFO  2026-05-03T10:58:57 +3ms service=config path=/home/mariu/projects/opendora/.opendora/opendora.json loading
WARN  2026-05-03T10:58:58 +56ms service=bun pkg=@opencode-ai/plugin cachedVersion=* Failed to resolve latest version, using cached
WARN  2026-05-03T10:58:58 +69ms service=bun pkg=@opencode-ai/plugin cachedVersion=* Failed to resolve latest version, using cached
INFO  2026-05-03T10:58:58 +333ms service=default directory=/tmp/opencode-test-ooeouodsd3m creating instance
INFO  2026-05-03T10:58:58 +0ms service=project directory=/tmp/opencode-test-ooeouodsd3m fromDirectory
DEBUG 2026-05-03T10:58:58 +15ms service=config path=/home/mariu/projects/opendora/.opendora loading config from OPENCODE_CONFIG_DIR
DEBUG 2026-05-03T10:58:58 +1ms service=config loading config from /home/mariu/projects/opendora/.opendora/opendora.jsonc
INFO  2026-05-03T10:58:58 +0ms service=config path=/home/mariu/projects/opendora/.opendora/opendora.jsonc loading
DEBUG 2026-05-03T10:58:58 +0ms service=config loading config from /home/mariu/projects/opendora/.opendora/opendora.json
INFO  2026-05-03T10:58:58 +0ms service=config path=/home/mariu/projects/opendora/.opendora/opendora.json loading
INFO  2026-05-03T10:58:58 +376ms service=default directory=/tmp/opencode-test-7a3pw6khykl creating instance
INFO  2026-05-03T10:58:58 +0ms service=project directory=/tmp/opencode-test-7a3pw6khykl fromDirectory
DEBUG 2026-05-03T10:58:58 +20ms service=config path=/home/mariu/projects/opendora/.opendora loading config from OPENCODE_CONFIG_DIR
DEBUG 2026-05-03T10:58:58 +0ms service=config loading config from /home/mariu/projects/opendora/.opendora/opendora.jsonc
INFO  2026-05-03T10:58:58 +0ms service=config path=/home/mariu/projects/opendora/.opendora/opendora.jsonc loading
DEBUG 2026-05-03T10:58:58 +44ms service=config loading config from /home/mariu/projects/opendora/.opendora/opendora.json
INFO  2026-05-03T10:58:58 +0ms service=config path=/home/mariu/projects/opendora/.opendora/opendora.json loading
INFO  2026-05-03T10:58:59 +576ms service=default directory=/tmp/opencode-test-oyibe7djn09 creating instance
INFO  2026-05-03T10:58:59 +0ms service=project directory=/tmp/opencode-test-oyibe7djn09 fromDirectory
DEBUG 2026-05-03T10:58:59 +5ms service=config path=/home/mariu/projects/opendora/.opendora loading config from OPENCODE_CONFIG_DIR
DEBUG 2026-05-03T10:58:59 +1ms service=config loading config from /home/mariu/projects/opendora/.opendora/opendora.jsonc
INFO  2026-05-03T10:58:59 +0ms service=config path=/home/mariu/projects/opendora/.opendora/opendora.jsonc loading
DEBUG 2026-05-03T10:58:59 +1ms service=config loading config from /home/mariu/projects/opendora/.opendora/opendora.json
INFO  2026-05-03T10:58:59 +0ms service=config path=/home/mariu/projects/opendora/.opendora/opendora.json loading
WARN  2026-05-03T10:58:59 +81ms service=bun pkg=@opencode-ai/plugin cachedVersion=* Failed to resolve latest version, using cached
WARN  2026-05-03T10:58:59 +126ms service=bun pkg=@opencode-ai/plugin cachedVersion=* Failed to resolve latest version, using cached
INFO  2026-05-03T10:59:00 +357ms service=default directory=/tmp/opencode-test-dtjnu2jf9s4 creating instance
INFO  2026-05-03T10:59:00 +1ms service=project directory=/tmp/opencode-test-dtjnu2jf9s4 fromDirectory
DEBUG 2026-05-03T10:59:00 +46ms service=config loading config from /home/mariu/projects/opendora/.opendora/opendora.jsonc
INFO  2026-05-03T10:59:00 +0ms service=config path=/home/mariu/projects/opendora/.opendora/opendora.jsonc loading
DEBUG 2026-05-03T10:59:00 +65ms service=config loading config from /home/mariu/projects/opendora/.opendora/opendora.json
INFO  2026-05-03T10:59:00 +0ms service=config path=/home/mariu/projects/opendora/.opendora/opendora.json loading
WARN  2026-05-03T10:59:00 +119ms service=bun pkg=@opencode-ai/plugin cachedVersion=* Failed to resolve latest version, using cached
WARN  2026-05-03T10:59:00 +140ms service=bun pkg=@opencode-ai/plugin cachedVersion=* Failed to resolve latest version, using cached
WARN  2026-05-03T10:59:00 +90ms service=bun pkg=@opencode-ai/plugin cachedVersion=* Failed to resolve latest version, using cached
WARN  2026-05-03T10:59:00 +274ms service=bun pkg=@opencode-ai/plugin cachedVersion=* Failed to resolve latest version, using cached
INFO  2026-05-03T10:59:00 +14ms service=default directory=/tmp/opencode-test-8ybxf0fszgo creating instance
INFO  2026-05-03T10:59:00 +0ms service=project directory=/tmp/opencode-test-8ybxf0fszgo fromDirectory
DEBUG 2026-05-03T10:59:00 +47ms service=config path=/tmp/opencode-test-cnydcgo89ya loading config from OPENCODE_CONFIG_DIR
DEBUG 2026-05-03T10:59:00 +0ms service=config loading config from /home/mariu/projects/opendora/.opendora/opendora.jsonc
INFO  2026-05-03T10:59:00 +0ms service=config path=/home/mariu/projects/opendora/.opendora/opendora.jsonc loading
DEBUG 2026-05-03T10:59:00 +0ms service=config loading config from /home/mariu/projects/opendora/.opendora/opendora.json
INFO  2026-05-03T10:59:00 +0ms service=config path=/home/mariu/projects/opendora/.opendora/opendora.json loading
WARN  2026-05-03T10:59:00 +2ms service=bun pkg=@opencode-ai/plugin cachedVersion=* Failed to resolve latest version, using cached
WARN  2026-05-03T10:59:01 +196ms service=bun pkg=@opencode-ai/plugin cachedVersion=* Failed to resolve latest version, using cached
WARN  2026-05-03T10:59:01 +120ms service=bun pkg=@opencode-ai/plugin cachedVersion=* Failed to resolve latest version, using cached
DEBUG 2026-05-03T10:59:01 +39ms service=config loading config from /tmp/opencode-test-cnydcgo89ya/opendora.jsonc
INFO  2026-05-03T10:59:01 +0ms service=config path=/tmp/opencode-test-cnydcgo89ya/opendora.jsonc loading
DEBUG 2026-05-03T10:59:01 +3ms service=config loading config from /tmp/opencode-test-cnydcgo89ya/opendora.json
INFO  2026-05-03T10:59:01 +2ms service=config path=/tmp/opencode-test-cnydcgo89ya/opendora.json loading
INFO  2026-05-03T10:59:01 +70ms service=bun cmd=["/home/mariu/.bun/bin/bun","install"] cwd=/tmp/opencode-test-cnydcgo89ya running
WARN  2026-05-03T10:59:01 +102ms service=bun pkg=@opencode-ai/plugin cachedVersion=* Failed to resolve latest version, using cached
INFO  2026-05-03T10:59:01 +0ms service=default directory=/tmp/opencode-test-2ncdbqleh6x creating instance
INFO  2026-05-03T10:59:01 +1ms service=project directory=/tmp/opencode-test-2ncdbqleh6x fromDirectory
DEBUG 2026-05-03T10:59:01 +10ms service=config path=/home/mariu/projects/opendora/.opendora loading config from OPENCODE_CONFIG_DIR
DEBUG 2026-05-03T10:59:01 +0ms service=config loading config from /home/mariu/projects/opendora/.opendora/opendora.jsonc
INFO  2026-05-03T10:59:01 +0ms service=config path=/home/mariu/projects/opendora/.opendora/opendora.jsonc loading
DEBUG 2026-05-03T10:59:01 +1ms service=config loading config from /home/mariu/projects/opendora/.opendora/opendora.json
INFO  2026-05-03T10:59:01 +0ms service=config path=/home/mariu/projects/opendora/.opendora/opendora.json loading
WARN  2026-05-03T10:59:01 +68ms service=bun pkg=@opencode-ai/plugin cachedVersion=* Failed to resolve latest version, using cached
WARN  2026-05-03T10:59:01 +4ms service=bun pkg=@opencode-ai/plugin cachedVersion=* Failed to resolve latest version, using cached
WARN  2026-05-03T10:59:01 +167ms service=bun pkg=@opencode-ai/plugin cachedVersion=* Failed to resolve latest version, using cached
DEBUG 2026-05-03T10:59:01 +102ms service=config loaded custom config from OPENCODE_CONFIG_CONTENT
INFO  2026-05-03T10:59:01 +87ms service=default directory=/tmp/opencode-test-ltz9vyg9b creating instance
INFO  2026-05-03T10:59:01 +0ms service=project directory=/tmp/opencode-test-ltz9vyg9b fromDirectory
DEBUG 2026-05-03T10:59:01 +22ms service=config path=/home/mariu/projects/opendora/.opendora loading config from OPENCODE_CONFIG_DIR
DEBUG 2026-05-03T10:59:01 +1ms service=config loading config from /home/mariu/projects/opendora/.opendora/opendora.jsonc
INFO  2026-05-03T10:59:01 +0ms service=config path=/home/mariu/projects/opendora/.opendora/opendora.jsonc loading
DEBUG 2026-05-03T10:59:01 +0ms service=config loading config from /home/mariu/projects/opendora/.opendora/opendora.json
INFO  2026-05-03T10:59:01 +0ms service=config path=/home/mariu/projects/opendora/.opendora/opendora.json loading
WARN  2026-05-03T10:59:02 +313ms service=bun pkg=@opencode-ai/plugin cachedVersion=* Failed to resolve latest version, using cached
DEBUG 2026-05-03T10:59:02 +26ms service=config loaded custom config from OPENCODE_CONFIG_CONTENT
WARN  2026-05-03T10:59:02 +225ms service=bun pkg=@opencode-ai/plugin cachedVersion=* Failed to resolve latest version, using cached
WARN  2026-05-03T10:59:02 +139ms service=bun pkg=@opencode-ai/plugin cachedVersion=* Failed to resolve latest version, using cached
WARN  2026-05-03T10:59:02 +73ms service=bun pkg=@opencode-ai/plugin cachedVersion=* Failed to resolve latest version, using cached
INFO  2026-05-03T10:59:02 +84ms service=default directory=/tmp/opencode-test-ymxhoivzz3 creating instance
INFO  2026-05-03T10:59:02 +0ms service=project directory=/tmp/opencode-test-ymxhoivzz3 fromDirectory
DEBUG 2026-05-03T10:59:02 +125ms service=config path=/home/mariu/projects/opendora/.opendora loading config from OPENCODE_CONFIG_DIR
DEBUG 2026-05-03T10:59:02 +1ms service=config loading config from /home/mariu/projects/opendora/.opendora/opendora.jsonc
INFO  2026-05-03T10:59:02 +0ms service=config path=/home/mariu/projects/opendora/.opendora/opendora.jsonc loading
DEBUG 2026-05-03T10:59:02 +0ms service=config loading config from /home/mariu/projects/opendora/.opendora/opendora.json
INFO  2026-05-03T10:59:02 +0ms service=config path=/home/mariu/projects/opendora/.opendora/opendora.json loading
INFO  2026-05-03T10:59:02 +13ms service=bun code=0 stdout= stderr= done
INFO  2026-05-03T10:59:03 +198ms service=snapshot initialized
INFO  2026-05-03T10:59:03 +63ms service=snapshot hash=60a1091dcd6e4fd245a9d4c5695cf97991ce2ee0
 cwd=/tmp/opencode-test-ymxhoivzz3 git=/home/mariu/projects/opendora/.opendora/storage/snapshot/e93b722df5c2af814777ba6410761cd5c58b7bb4 tracking
INFO  2026-05-03T10:59:03 +328ms service=default directory=/tmp/opencode-test-eub40ln37a creating instance
INFO  2026-05-03T10:59:03 +0ms service=project directory=/tmp/opencode-test-eub40ln37a fromDirectory
DEBUG 2026-05-03T10:59:03 +151ms service=config path=/home/mariu/projects/opendora/.opendora loading config from OPENCODE_CONFIG_DIR
DEBUG 2026-05-03T10:59:03 +0ms service=config loading config from /home/mariu/projects/opendora/.opendora/opendora.jsonc
INFO  2026-05-03T10:59:03 +0ms service=config path=/home/mariu/projects/opendora/.opendora/opendora.jsonc loading
DEBUG 2026-05-03T10:59:03 +32ms service=config loading config from /home/mariu/projects/opendora/.opendora/opendora.json
INFO  2026-05-03T10:59:03 +0ms service=config path=/home/mariu/projects/opendora/.opendora/opendora.json loading
WARN  2026-05-03T10:59:04 +428ms service=bun pkg=@opencode-ai/plugin cachedVersion=* Failed to resolve latest version, using cached
INFO  2026-05-03T10:59:04 +119ms service=snapshot initialized
WARN  2026-05-03T10:59:04 +44ms service=bun pkg=@opencode-ai/plugin cachedVersion=* Failed to resolve latest version, using cached
INFO  2026-05-03T10:59:04 +142ms service=snapshot hash=2408b00e4ad64b66724118f504c5789313433583
 cwd=/tmp/opencode-test-eub40ln37a git=/home/mariu/projects/opendora/.opendora/storage/snapshot/d6f99baa2a15c13d0a3595d090ab6945eeb68bf7 tracking
INFO  2026-05-03T10:59:04 +123ms service=snapshot file=/tmp/opencode-test-eub40ln37a/new.txt hash=2408b00e4ad64b66724118f504c5789313433583 reverting
WARN  2026-05-03T10:59:04 +58ms service=bun pkg=@opencode-ai/plugin cachedVersion=* Failed to resolve latest version, using cached
INFO  2026-05-03T10:59:04 +2ms service=snapshot file=/tmp/opencode-test-eub40ln37a/new.txt file did not exist in snapshot, deleting
WARN  2026-05-03T10:59:04 +130ms service=bun pkg=@opencode-ai/plugin cachedVersion=* Failed to resolve latest version, using cached
WARN  2026-05-03T10:59:04 +2ms service=bun pkg=@opencode-ai/plugin cachedVersion=* Failed to resolve latest version, using cached
INFO  2026-05-03T10:59:04 +158ms service=default directory=/tmp/opencode-test-gglzaziiwgr creating instance
INFO  2026-05-03T10:59:04 +0ms service=project directory=/tmp/opencode-test-gglzaziiwgr fromDirectory
WARN  2026-05-03T10:59:04 +43ms service=bun pkg=@opencode-ai/plugin cachedVersion=* Failed to resolve latest version, using cached
DEBUG 2026-05-03T10:59:04 +55ms service=config path=/home/mariu/projects/opendora/.opendora loading config from OPENCODE_CONFIG_DIR
DEBUG 2026-05-03T10:59:04 +0ms service=config loading config from /home/mariu/projects/opendora/.opendora/opendora.jsonc
INFO  2026-05-03T10:59:04 +0ms service=config path=/home/mariu/projects/opendora/.opendora/opendora.jsonc loading
DEBUG 2026-05-03T10:59:04 +0ms service=config loading config from /home/mariu/projects/opendora/.opendora/opendora.json
INFO  2026-05-03T10:59:04 +1ms service=config path=/home/mariu/projects/opendora/.opendora/opendora.json loading
INFO  2026-05-03T10:59:05 +322ms service=snapshot initialized
INFO  2026-05-03T10:59:05 +53ms service=snapshot hash=1073d5344543fc33406b3e21e0118d65fde15f61
 cwd=/tmp/opencode-test-gglzaziiwgr git=/home/mariu/projects/opendora/.opendora/storage/snapshot/3e2a8154d88e617c3a7754138023579c85acb3f4 tracking
INFO  2026-05-03T10:59:05 +81ms service=snapshot file=/tmp/opencode-test-gglzaziiwgr/sub/file.txt hash=1073d5344543fc33406b3e21e0118d65fde15f61 reverting
INFO  2026-05-03T10:59:05 +37ms service=snapshot file=/tmp/opencode-test-gglzaziiwgr/sub/file.txt file did not exist in snapshot, deleting
WARN  2026-05-03T10:59:05 +146ms service=bun pkg=@opencode-ai/plugin cachedVersion=* Failed to resolve latest version, using cached
INFO  2026-05-03T10:59:05 +21ms service=default directory=/tmp/opencode-test-vgoy1glq2za creating instance
INFO  2026-05-03T10:59:05 +0ms service=project directory=/tmp/opencode-test-vgoy1glq2za fromDirectory
DEBUG 2026-05-03T10:59:05 +88ms service=config path=/home/mariu/projects/opendora/.opendora loading config from OPENCODE_CONFIG_DIR
DEBUG 2026-05-03T10:59:05 +0ms service=config loading config from /home/mariu/projects/opendora/.opendora/opendora.jsonc
INFO  2026-05-03T10:59:05 +0ms service=config path=/home/mariu/projects/opendora/.opendora/opendora.jsonc loading
DEBUG 2026-05-03T10:59:05 +16ms service=config loading config from /home/mariu/projects/opendora/.opendora/opendora.json
INFO  2026-05-03T10:59:05 +0ms service=config path=/home/mariu/projects/opendora/.opendora/opendora.json loading
INFO  2026-05-03T10:59:05 +261ms service=snapshot initialized
INFO  2026-05-03T10:59:05 +50ms service=snapshot hash=567dab1a972a744aaf7ca08fcf45fc059435329d
 cwd=/tmp/opencode-test-vgoy1glq2za git=/home/mariu/projects/opendora/.opendora/storage/snapshot/d1d7127ef94c7b2ae29de90d067a38452ad3b266 tracking
WARN  2026-05-03T10:59:06 +31ms service=bun pkg=@opencode-ai/plugin cachedVersion=* Failed to resolve latest version, using cached
INFO  2026-05-03T10:59:06 +49ms service=snapshot file=/tmp/opencode-test-vgoy1glq2za/a.txt hash=567dab1a972a744aaf7ca08fcf45fc059435329d reverting
INFO  2026-05-03T10:59:06 +14ms service=snapshot file=/tmp/opencode-test-vgoy1glq2za/b.txt hash=567dab1a972a744aaf7ca08fcf45fc059435329d reverting
INFO  2026-05-03T10:59:06 +15ms service=snapshot file=/tmp/opencode-test-vgoy1glq2za/c.txt hash=567dab1a972a744aaf7ca08fcf45fc059435329d reverting
INFO  2026-05-03T10:59:06 +33ms service=snapshot file=/tmp/opencode-test-vgoy1glq2za/c.txt file did not exist in snapshot, deleting
INFO  2026-05-03T10:59:06 +1ms service=snapshot file=/tmp/opencode-test-vgoy1glq2za/dir/d.txt hash=567dab1a972a744aaf7ca08fcf45fc059435329d reverting
INFO  2026-05-03T10:59:06 +31ms service=snapshot file=/tmp/opencode-test-vgoy1glq2za/dir/d.txt file did not exist in snapshot, deleting
INFO  2026-05-03T10:59:06 +132ms service=default directory=/tmp/opencode-test-bphe881rprd creating instance
INFO  2026-05-03T10:59:06 +0ms service=project directory=/tmp/opencode-test-bphe881rprd fromDirectory
DEBUG 2026-05-03T10:59:06 +108ms service=config path=/home/mariu/projects/opendora/.opendora loading config from OPENCODE_CONFIG_DIR
DEBUG 2026-05-03T10:59:06 +0ms service=config loading config from /home/mariu/projects/opendora/.opendora/opendora.jsonc
INFO  2026-05-03T10:59:06 +0ms service=config path=/home/mariu/projects/opendora/.opendora/opendora.jsonc loading
DEBUG 2026-05-03T10:59:06 +3ms service=config loading config from /home/mariu/projects/opendora/.opendora/opendora.json
INFO  2026-05-03T10:59:06 +0ms service=config path=/home/mariu/projects/opendora/.opendora/opendora.json loading
WARN  2026-05-03T10:59:06 +306ms service=bun pkg=@opencode-ai/plugin cachedVersion=* Failed to resolve latest version, using cached
INFO  2026-05-03T10:59:06 +6ms service=snapshot initialized
INFO  2026-05-03T10:59:06 +69ms service=snapshot hash=decfb4bc1829a05bf93d66409b1d9b4fff87796c
 cwd=/tmp/opencode-test-bphe881rprd git=/home/mariu/projects/opendora/.opendora/storage/snapshot/ef19820f58c57e1b1b20dbb463320fe56a59147f tracking
INFO  2026-05-03T10:59:06 +162ms service=default directory=/tmp/opencode-test-lvzs1lk9uzp creating instance
INFO  2026-05-03T10:59:06 +1ms service=project directory=/tmp/opencode-test-lvzs1lk9uzp fromDirectory
DEBUG 2026-05-03T10:59:07 +92ms service=config path=/home/mariu/projects/opendora/.opendora loading config from OPENCODE_CONFIG_DIR
DEBUG 2026-05-03T10:59:07 +1ms service=config loading config from /home/mariu/projects/opendora/.opendora/opendora.jsonc
INFO  2026-05-03T10:59:07 +0ms service=config path=/home/mariu/projects/opendora/.opendora/opendora.jsonc loading
DEBUG 2026-05-03T10:59:07 +5ms service=config loading config from /home/mariu/projects/opendora/.opendora/opendora.json
INFO  2026-05-03T10:59:07 +0ms service=config path=/home/mariu/projects/opendora/.opendora/opendora.json loading
WARN  2026-05-03T10:59:07 +286ms service=bun pkg=@opencode-ai/plugin cachedVersion=* Failed to resolve latest version, using cached
INFO  2026-05-03T10:59:07 +27ms service=snapshot initialized
INFO  2026-05-03T10:59:07 +50ms service=snapshot hash=e0c26520b742135f34a4c8f4ed16ed565eee3bc9
 cwd=/tmp/opencode-test-lvzs1lk9uzp git=/home/mariu/projects/opendora/.opendora/storage/snapshot/010cae7b6b79f88883bef630ffbacb67cd510e5c tracking
INFO  2026-05-03T10:59:07 +55ms service=snapshot file=/tmp/opencode-test-lvzs1lk9uzp/image.png hash=e0c26520b742135f34a4c8f4ed16ed565eee3bc9 reverting
INFO  2026-05-03T10:59:07 +30ms service=snapshot file=/tmp/opencode-test-lvzs1lk9uzp/image.png file did not exist in snapshot, deleting
INFO  2026-05-03T10:59:07 +86ms service=default directory=/tmp/opencode-test-2i8s9yjb8f5 creating instance
INFO  2026-05-03T10:59:07 +0ms service=project directory=/tmp/opencode-test-2i8s9yjb8f5 fromDirectory
DEBUG 2026-05-03T10:59:07 +98ms service=config path=/home/mariu/projects/opendora/.opendora loading config from OPENCODE_CONFIG_DIR
DEBUG 2026-05-03T10:59:07 +0ms service=config loading config from /home/mariu/projects/opendora/.opendora/opendora.jsonc
INFO  2026-05-03T10:59:07 +0ms service=config path=/home/mariu/projects/opendora/.opendora/opendora.jsonc loading
DEBUG 2026-05-03T10:59:07 +25ms service=config loading config from /home/mariu/projects/opendora/.opendora/opendora.json
INFO  2026-05-03T10:59:07 +0ms service=config path=/home/mariu/projects/opendora/.opendora/opendora.json loading
INFO  2026-05-03T10:59:07 +199ms service=snapshot initialized
INFO  2026-05-03T10:59:07 +45ms service=snapshot hash=236188b15e87514fa6b580fc4760fd8c16734141
 cwd=/tmp/opencode-test-2i8s9yjb8f5 git=/home/mariu/projects/opendora/.opendora/storage/snapshot/06af53d2c517a05199e3006468c0bb071c955ca7 tracking
WARN  2026-05-03T10:59:08 +183ms service=bun pkg=@opencode-ai/plugin cachedVersion=* Failed to resolve latest version, using cached
INFO  2026-05-03T10:59:08 +1ms service=default directory=/tmp/opencode-test-60n41o6zabs creating instance
INFO  2026-05-03T10:59:08 +0ms service=project directory=/tmp/opencode-test-60n41o6zabs fromDirectory
DEBUG 2026-05-03T10:59:08 +97ms service=config path=/home/mariu/projects/opendora/.opendora loading config from OPENCODE_CONFIG_DIR
DEBUG 2026-05-03T10:59:08 +0ms service=config loading config from /home/mariu/projects/opendora/.opendora/opendora.jsonc
INFO  2026-05-03T10:59:08 +1ms service=config path=/home/mariu/projects/opendora/.opendora/opendora.jsonc loading
DEBUG 2026-05-03T10:59:08 +0ms service=config loading config from /home/mariu/projects/opendora/.opendora/opendora.json
INFO  2026-05-03T10:59:08 +4ms service=config path=/home/mariu/projects/opendora/.opendora/opendora.json loading
INFO  2026-05-03T10:59:08 +320ms service=snapshot initialized
INFO  2026-05-03T10:59:08 +116ms service=snapshot hash=ed19d156a42fe4f3b273122fe8c065ad5483a2ab
 cwd=/tmp/opencode-test-60n41o6zabs git=/home/mariu/projects/opendora/.opendora/storage/snapshot/0a65a2957c90da591d3553f1aa56f221e20552e7 tracking
WARN  2026-05-03T10:59:08 +179ms service=bun pkg=@opencode-ai/plugin cachedVersion=* Failed to resolve latest version, using cached
INFO  2026-05-03T10:59:08 +117ms service=default directory=/tmp/opencode-test-3p6sx5es8yd creating instance
INFO  2026-05-03T10:59:08 +0ms service=project directory=/tmp/opencode-test-3p6sx5es8yd fromDirectory
DEBUG 2026-05-03T10:59:09 +105ms service=config path=/home/mariu/projects/opendora/.opendora loading config from OPENCODE_CONFIG_DIR
DEBUG 2026-05-03T10:59:09 +0ms service=config loading config from /home/mariu/projects/opendora/.opendora/opendora.jsonc
INFO  2026-05-03T10:59:09 +0ms service=config path=/home/mariu/projects/opendora/.opendora/opendora.jsonc loading
DEBUG 2026-05-03T10:59:09 +0ms service=config loading config from /home/mariu/projects/opendora/.opendora/opendora.json
INFO  2026-05-03T10:59:09 +3ms service=config path=/home/mariu/projects/opendora/.opendora/opendora.json loading
INFO  2026-05-03T10:59:09 +217ms service=snapshot initialized
INFO  2026-05-03T10:59:09 +48ms service=snapshot hash=deba53166bee7e74ddf68cb143cefb560b724e0a
 cwd=/tmp/opencode-test-3p6sx5es8yd git=/home/mariu/projects/opendora/.opendora/storage/snapshot/c13e9540a9c26476aca3d913120c7819ea5c05fe tracking
WARN  2026-05-03T10:59:09 +54ms service=bun pkg=@opencode-ai/plugin cachedVersion=* Failed to resolve latest version, using cached
INFO  2026-05-03T10:59:09 +0ms service=snapshot file=/tmp/opencode-test-3p6sx5es8yd/level1/level2/level3/deep.txt hash=deba53166bee7e74ddf68cb143cefb560b724e0a reverting
INFO  2026-05-03T10:59:09 +29ms service=snapshot file=/tmp/opencode-test-3p6sx5es8yd/level1/level2/level3/deep.txt file did not exist in snapshot, deleting
INFO  2026-05-03T10:59:09 +67ms service=default directory=/tmp/opencode-test-54a2y1bsoys creating instance
INFO  2026-05-03T10:59:09 +0ms service=project directory=/tmp/opencode-test-54a2y1bsoys fromDirectory
DEBUG 2026-05-03T10:59:09 +49ms service=config path=/home/mariu/projects/opendora/.opendora loading config from OPENCODE_CONFIG_DIR
DEBUG 2026-05-03T10:59:09 +1ms service=config loading config from /home/mariu/projects/opendora/.opendora/opendora.jsonc
INFO  2026-05-03T10:59:09 +0ms service=config path=/home/mariu/projects/opendora/.opendora/opendora.jsonc loading
DEBUG 2026-05-03T10:59:09 +0ms service=config loading config from /home/mariu/projects/opendora/.opendora/opendora.json
INFO  2026-05-03T10:59:09 +0ms service=config path=/home/mariu/projects/opendora/.opendora/opendora.json loading
WARN  2026-05-03T10:59:09 +68ms service=bun pkg=@opencode-ai/plugin cachedVersion=* Failed to resolve latest version, using cached
INFO  2026-05-03T10:59:09 +43ms service=snapshot initialized
INFO  2026-05-03T10:59:09 +25ms service=snapshot hash=d67c5da87fbb0eb26100f1d573cef362a685d1ae
 cwd=/tmp/opencode-test-54a2y1bsoys git=/home/mariu/projects/opendora/.opendora/storage/snapshot/a71c8ef42faf6ace4f42172a9f2602d77b55bd8a tracking
INFO  2026-05-03T10:59:09 +146ms service=default directory=/tmp/opencode-test-glf6mx7xlve creating instance
INFO  2026-05-03T10:59:09 +0ms service=project directory=/tmp/opencode-test-glf6mx7xlve fromDirectory
INFO  2026-05-03T10:59:09 +135ms service=default directory=/tmp/opencode-test-w5ub5p2us3l creating instance
INFO  2026-05-03T10:59:09 +0ms service=project directory=/tmp/opencode-test-w5ub5p2us3l fromDirectory
DEBUG 2026-05-03T10:59:10 +68ms service=config path=/home/mariu/projects/opendora/.opendora loading config from OPENCODE_CONFIG_DIR
DEBUG 2026-05-03T10:59:10 +0ms service=config loading config from /home/mariu/projects/opendora/.opendora/opendora.jsonc
INFO  2026-05-03T10:59:10 +0ms service=config path=/home/mariu/projects/opendora/.opendora/opendora.jsonc loading
DEBUG 2026-05-03T10:59:10 +0ms service=config loading config from /home/mariu/projects/opendora/.opendora/opendora.json
INFO  2026-05-03T10:59:10 +0ms service=config path=/home/mariu/projects/opendora/.opendora/opendora.json loading
INFO  2026-05-03T10:59:10 +130ms service=snapshot initialized
INFO  2026-05-03T10:59:10 +51ms service=snapshot hash=5147c62e141c7cac77476a60c7b26730130ed1e8
 cwd=/tmp/opencode-test-w5ub5p2us3l git=/home/mariu/projects/opendora/.opendora/storage/snapshot/3c157d65d3df0775896707f83268d1dcd614f77c tracking
WARN  2026-05-03T10:59:10 +45ms service=snapshot hash=invalid-hash-12345 exitCode=128 failed to get diff
INFO  2026-05-03T10:59:10 +103ms service=default directory=/tmp/opencode-test-5u6ksiyohfq creating instance
INFO  2026-05-03T10:59:10 +0ms service=project directory=/tmp/opencode-test-5u6ksiyohfq fromDirectory
DEBUG 2026-05-03T10:59:10 +85ms service=config path=/home/mariu/projects/opendora/.opendora loading config from OPENCODE_CONFIG_DIR
DEBUG 2026-05-03T10:59:10 +0ms service=config loading config from /home/mariu/projects/opendora/.opendora/opendora.jsonc
INFO  2026-05-03T10:59:10 +0ms service=config path=/home/mariu/projects/opendora/.opendora/opendora.jsonc loading
DEBUG 2026-05-03T10:59:10 +1ms service=config loading config from /home/mariu/projects/opendora/.opendora/opendora.json
INFO  2026-05-03T10:59:10 +0ms service=config path=/home/mariu/projects/opendora/.opendora/opendora.json loading
WARN  2026-05-03T10:59:10 +192ms service=bun pkg=@opencode-ai/plugin cachedVersion=* Failed to resolve latest version, using cached
INFO  2026-05-03T10:59:10 +80ms service=snapshot initialized
INFO  2026-05-03T10:59:10 +56ms service=snapshot hash=1f98679aa16381643e5f87e12fc9b6a8083a0b9d
 cwd=/tmp/opencode-test-5u6ksiyohfq git=/home/mariu/projects/opendora/.opendora/storage/snapshot/fda8ae76eb64cb34fec71ecd6eb0efde90044c14 tracking
INFO  2026-05-03T10:59:10 +0ms service=snapshot file=/tmp/opencode-test-5u6ksiyohfq/nonexistent.txt hash=1f98679aa16381643e5f87e12fc9b6a8083a0b9d reverting
INFO  2026-05-03T10:59:10 +42ms service=snapshot file=/tmp/opencode-test-5u6ksiyohfq/nonexistent.txt file did not exist in snapshot, deleting
WARN  2026-05-03T10:59:10 +72ms service=bun pkg=@opencode-ai/plugin cachedVersion=* Failed to resolve latest version, using cached
INFO  2026-05-03T10:59:10 +48ms service=default directory=/tmp/opencode-test-2mjpz074iwo creating instance
INFO  2026-05-03T10:59:10 +0ms service=project directory=/tmp/opencode-test-2mjpz074iwo fromDirectory
DEBUG 2026-05-03T10:59:11 +83ms service=config path=/home/mariu/projects/opendora/.opendora loading config from OPENCODE_CONFIG_DIR
DEBUG 2026-05-03T10:59:11 +0ms service=config loading config from /home/mariu/projects/opendora/.opendora/opendora.jsonc
INFO  2026-05-03T10:59:11 +1ms service=config path=/home/mariu/projects/opendora/.opendora/opendora.jsonc loading
DEBUG 2026-05-03T10:59:11 +0ms service=config loading config from /home/mariu/projects/opendora/.opendora/opendora.json
INFO  2026-05-03T10:59:11 +0ms service=config path=/home/mariu/projects/opendora/.opendora/opendora.json loading
INFO  2026-05-03T10:59:11 +252ms service=snapshot initialized
INFO  2026-05-03T10:59:11 +101ms service=snapshot hash=10053858f9b835abd15c861c226852d00d69f1a3
 cwd=/tmp/opencode-test-2mjpz074iwo git=/home/mariu/projects/opendora/.opendora/storage/snapshot/6f91dc1949b0c073c9811c4e27540499f02e5bce tracking
INFO  2026-05-03T10:59:11 +161ms service=snapshot file=/tmp/opencode-test-2mjpz074iwo/café.txt hash=10053858f9b835abd15c861c226852d00d69f1a3 reverting
INFO  2026-05-03T10:59:11 +60ms service=snapshot file=/tmp/opencode-test-2mjpz074iwo/café.txt file did not exist in snapshot, deleting
INFO  2026-05-03T10:59:11 +33ms service=snapshot file=/tmp/opencode-test-2mjpz074iwo/файл.txt hash=10053858f9b835abd15c861c226852d00d69f1a3 reverting
INFO  2026-05-03T10:59:11 +48ms service=snapshot file=/tmp/opencode-test-2mjpz074iwo/файл.txt file did not exist in snapshot, deleting
INFO  2026-05-03T10:59:11 +27ms service=snapshot file=/tmp/opencode-test-2mjpz074iwo/文件.txt hash=10053858f9b835abd15c861c226852d00d69f1a3 reverting
INFO  2026-05-03T10:59:11 +39ms service=snapshot file=/tmp/opencode-test-2mjpz074iwo/文件.txt file did not exist in snapshot, deleting
INFO  2026-05-03T10:59:11 +12ms service=snapshot file=/tmp/opencode-test-2mjpz074iwo/🚀rocket.txt hash=10053858f9b835abd15c861c226852d00d69f1a3 reverting
INFO  2026-05-03T10:59:11 +33ms service=snapshot file=/tmp/opencode-test-2mjpz074iwo/🚀rocket.txt file did not exist in snapshot, deleting
WARN  2026-05-03T10:59:11 +154ms service=bun pkg=@opencode-ai/plugin cachedVersion=* Failed to resolve latest version, using cached
INFO  2026-05-03T10:59:12 +157ms service=default directory=/tmp/opencode-test-zb5uuvfdvq creating instance
INFO  2026-05-03T10:59:12 +1ms service=project directory=/tmp/opencode-test-zb5uuvfdvq fromDirectory
DEBUG 2026-05-03T10:59:12 +102ms service=config path=/home/mariu/projects/opendora/.opendora loading config from OPENCODE_CONFIG_DIR
DEBUG 2026-05-03T10:59:12 +1ms service=config loading config from /home/mariu/projects/opendora/.opendora/opendora.jsonc
INFO  2026-05-03T10:59:12 +0ms service=config path=/home/mariu/projects/opendora/.opendora/opendora.jsonc loading
DEBUG 2026-05-03T10:59:12 +13ms service=config loading config from /home/mariu/projects/opendora/.opendora/opendora.json
INFO  2026-05-03T10:59:12 +0ms service=config path=/home/mariu/projects/opendora/.opendora/opendora.json loading
WARN  2026-05-03T10:59:12 +207ms service=bun pkg=@opencode-ai/plugin cachedVersion=* Failed to resolve latest version, using cached
INFO  2026-05-03T10:59:12 +98ms service=snapshot initialized
INFO  2026-05-03T10:59:12 +114ms service=snapshot hash=03e235a89b0907baa825609c0c48ea7d0d626ff3
 cwd=/tmp/opencode-test-zb5uuvfdvq git=/home/mariu/projects/opendora/.opendora/storage/snapshot/9f93c84e843b6616e3c6f5f19dcda0cfa554b99f tracking
INFO  2026-05-03T10:59:12 +96ms service=snapshot file=/tmp/opencode-test-zb5uuvfdvq/目录/подкаталог/文件.txt hash=03e235a89b0907baa825609c0c48ea7d0d626ff3 reverting
INFO  2026-05-03T10:59:12 +41ms service=snapshot file=/tmp/opencode-test-zb5uuvfdvq/目录/подкаталог/文件.txt file did not exist in snapshot, deleting
INFO  2026-05-03T10:59:12 +132ms service=default directory=/tmp/opencode-test-abqlpv6ptlg creating instance
INFO  2026-05-03T10:59:12 +1ms service=project directory=/tmp/opencode-test-abqlpv6ptlg fromDirectory
DEBUG 2026-05-03T10:59:12 +102ms service=config path=/home/mariu/projects/opendora/.opendora loading config from OPENCODE_CONFIG_DIR
DEBUG 2026-05-03T10:59:12 +0ms service=config loading config from /home/mariu/projects/opendora/.opendora/opendora.jsonc
INFO  2026-05-03T10:59:12 +1ms service=config path=/home/mariu/projects/opendora/.opendora/opendora.jsonc loading
DEBUG 2026-05-03T10:59:13 +13ms service=config loading config from /home/mariu/projects/opendora/.opendora/opendora.json
INFO  2026-05-03T10:59:13 +0ms service=config path=/home/mariu/projects/opendora/.opendora/opendora.json loading
WARN  2026-05-03T10:59:13 +147ms service=bun pkg=@opencode-ai/plugin cachedVersion=* Failed to resolve latest version, using cached
INFO  2026-05-03T10:59:13 +184ms service=snapshot initialized
INFO  2026-05-03T10:59:13 +115ms service=snapshot hash=54c1d8e32db8809700cbd4e94cfe99a36e99322f
 cwd=/tmp/opencode-test-abqlpv6ptlg git=/home/mariu/projects/opendora/.opendora/storage/snapshot/8c433a699b28008f4453d0cf732fcba418b6733d tracking
INFO  2026-05-03T10:59:13 +71ms service=snapshot file=/tmp/opencode-test-abqlpv6ptlg/aaaaaaaaaaaaaaaaaaaaaaaaaaaaaaaaaaaaaaaaaaaaaaaaaaaaaaaaaaaaaaaaaaaaaaaaaaaaaaaaaaaaaaaaaaaaaaaaaaaaaaaaaaaaaaaaaaaaaaaaaaaaaaaaaaaaaaaaaaaaaaaaaaaaaaaaaaaaaaaaaaaaaaaaaaaaaaaaaaaaaaaaaaaaaaaaaaaaaaaa.txt hash=54c1d8e32db8809700cbd4e94cfe99a36e99322f reverting
INFO  2026-05-03T10:59:13 +44ms service=snapshot file=/tmp/opencode-test-abqlpv6ptlg/aaaaaaaaaaaaaaaaaaaaaaaaaaaaaaaaaaaaaaaaaaaaaaaaaaaaaaaaaaaaaaaaaaaaaaaaaaaaaaaaaaaaaaaaaaaaaaaaaaaaaaaaaaaaaaaaaaaaaaaaaaaaaaaaaaaaaaaaaaaaaaaaaaaaaaaaaaaaaaaaaaaaaaaaaaaaaaaaaaaaaaaaaaaaaaaaaaaaaaaa.txt file did not exist in snapshot, deleting
INFO  2026-05-03T10:59:13 +145ms service=default directory=/tmp/opencode-test-tl48lkv6t2 creating instance
INFO  2026-05-03T10:59:13 +0ms service=project directory=/tmp/opencode-test-tl48lkv6t2 fromDirectory
DEBUG 2026-05-03T10:59:13 +123ms service=config path=/home/mariu/projects/opendora/.opendora loading config from OPENCODE_CONFIG_DIR
DEBUG 2026-05-03T10:59:13 +0ms service=config loading config from /home/mariu/projects/opendora/.opendora/opendora.jsonc
INFO  2026-05-03T10:59:13 +0ms service=config path=/home/mariu/projects/opendora/.opendora/opendora.jsonc loading
DEBUG 2026-05-03T10:59:13 +1ms service=config loading config from /home/mariu/projects/opendora/.opendora/opendora.json
INFO  2026-05-03T10:59:13 +1ms service=config path=/home/mariu/projects/opendora/.opendora/opendora.json loading
INFO  2026-05-03T10:59:14 +230ms service=snapshot initialized
INFO  2026-05-03T10:59:14 +67ms service=snapshot hash=f8bcf94488ef155567afc084d22123a181486a90
 cwd=/tmp/opencode-test-tl48lkv6t2 git=/home/mariu/projects/opendora/.opendora/storage/snapshot/b27aeea92465a6f016650fdaa6ef7689329ad952 tracking
WARN  2026-05-03T10:59:14 +70ms service=bun pkg=@opencode-ai/plugin cachedVersion=* Failed to resolve latest version, using cached
INFO  2026-05-03T10:59:14 +108ms service=default directory=/tmp/opencode-test-pkutgwzeil creating instance
INFO  2026-05-03T10:59:14 +0ms service=project directory=/tmp/opencode-test-pkutgwzeil fromDirectory
DEBUG 2026-05-03T10:59:14 +122ms service=config path=/home/mariu/projects/opendora/.opendora loading config from OPENCODE_CONFIG_DIR
DEBUG 2026-05-03T10:59:14 +1ms service=config loading config from /home/mariu/projects/opendora/.opendora/opendora.jsonc
INFO  2026-05-03T10:59:14 +0ms service=config path=/home/mariu/projects/opendora/.opendora/opendora.jsonc loading
DEBUG 2026-05-03T10:59:14 +16ms service=config loading config from /home/mariu/projects/opendora/.opendora/opendora.json
INFO  2026-05-03T10:59:14 +0ms service=config path=/home/mariu/projects/opendora/.opendora/opendora.json loading
INFO  2026-05-03T10:59:14 +469ms service=snapshot initialized
INFO  2026-05-03T10:59:15 +81ms service=snapshot hash=643c99ab9b87fd59b957f1b6170e052f795042fb
 cwd=/tmp/opencode-test-pkutgwzeil git=/home/mariu/projects/opendora/.opendora/storage/snapshot/7038fa8897cd9bcada7be2acb73aab230df56f90 tracking
WARN  2026-05-03T10:59:15 +155ms service=bun pkg=@opencode-ai/plugin cachedVersion=* Failed to resolve latest version, using cached
INFO  2026-05-03T10:59:15 +67ms service=default directory=/tmp/opencode-test-8nat1fdbxs5 creating instance
INFO  2026-05-03T10:59:15 +0ms service=project directory=/tmp/opencode-test-8nat1fdbxs5 fromDirectory
DEBUG 2026-05-03T10:59:15 +69ms service=config path=/home/mariu/projects/opendora/.opendora loading config from OPENCODE_CONFIG_DIR
DEBUG 2026-05-03T10:59:15 +0ms service=config loading config from /home/mariu/projects/opendora/.opendora/opendora.jsonc
INFO  2026-05-03T10:59:15 +0ms service=config path=/home/mariu/projects/opendora/.opendora/opendora.jsonc loading
DEBUG 2026-05-03T10:59:15 +4ms service=config loading config from /home/mariu/projects/opendora/.opendora/opendora.json
INFO  2026-05-03T10:59:15 +19ms service=config path=/home/mariu/projects/opendora/.opendora/opendora.json loading
INFO  2026-05-03T10:59:15 +360ms service=snapshot initialized
INFO  2026-05-03T10:59:15 +79ms service=snapshot hash=fe8c7485f96172d8cac92191547cccd443f26a55
 cwd=/tmp/opencode-test-8nat1fdbxs5 git=/home/mariu/projects/opendora/.opendora/storage/snapshot/0f307e3e91f7cf6ece22313d00dc8c9a40dbc598 tracking
INFO  2026-05-03T10:59:16 +376ms service=default directory=/tmp/opencode-test-k5cshex1fxm creating instance
INFO  2026-05-03T10:59:16 +1ms service=project directory=/tmp/opencode-test-k5cshex1fxm fromDirectory
DEBUG 2026-05-03T10:59:16 +91ms service=config path=/home/mariu/projects/opendora/.opendora loading config from OPENCODE_CONFIG_DIR
DEBUG 2026-05-03T10:59:16 +0ms service=config loading config from /home/mariu/projects/opendora/.opendora/opendora.jsonc
INFO  2026-05-03T10:59:16 +0ms service=config path=/home/mariu/projects/opendora/.opendora/opendora.jsonc loading
DEBUG 2026-05-03T10:59:16 +0ms service=config loading config from /home/mariu/projects/opendora/.opendora/opendora.json
INFO  2026-05-03T10:59:16 +0ms service=config path=/home/mariu/projects/opendora/.opendora/opendora.json loading
INFO  2026-05-03T10:59:16 +241ms service=snapshot initialized
WARN  2026-05-03T10:59:16 +53ms service=bun pkg=@opencode-ai/plugin cachedVersion=* Failed to resolve latest version, using cached
INFO  2026-05-03T10:59:16 +22ms service=snapshot hash=a0b2dae19572c298947a46a284f9904f51ced5cf
 cwd=/tmp/opencode-test-k5cshex1fxm git=/home/mariu/projects/opendora/.opendora/storage/snapshot/9778e43802ecff67a06897f9c1a9289b4b8e70a7 tracking
INFO  2026-05-03T10:59:16 +288ms service=default directory=/tmp/opencode-test-bd4grytj9hs creating instance
INFO  2026-05-03T10:59:16 +1ms service=project directory=/tmp/opencode-test-bd4grytj9hs fromDirectory
DEBUG 2026-05-03T10:59:17 +207ms service=config path=/home/mariu/projects/opendora/.opendora loading config from OPENCODE_CONFIG_DIR
DEBUG 2026-05-03T10:59:17 +0ms service=config loading config from /home/mariu/projects/opendora/.opendora/opendora.jsonc
INFO  2026-05-03T10:59:17 +0ms service=config path=/home/mariu/projects/opendora/.opendora/opendora.jsonc loading
DEBUG 2026-05-03T10:59:17 +15ms service=config loading config from /home/mariu/projects/opendora/.opendora/opendora.json
INFO  2026-05-03T10:59:17 +0ms service=config path=/home/mariu/projects/opendora/.opendora/opendora.json loading
WARN  2026-05-03T10:59:17 +175ms service=bun pkg=@opencode-ai/plugin cachedVersion=* Failed to resolve latest version, using cached
INFO  2026-05-03T10:59:17 +382ms service=snapshot initialized
INFO  2026-05-03T10:59:17 +199ms service=snapshot hash=d6d9bf21d4ef2496739213de8252fe8f2698a426
 cwd=/tmp/opencode-test-bd4grytj9hs git=/home/mariu/projects/opendora/.opendora/storage/snapshot/62a3127167a6dc54b7e1fc5dff55a36eda419670 tracking
INFO  2026-05-03T10:59:18 +355ms service=default directory=/tmp/opencode-test-j0pin37001 creating instance
INFO  2026-05-03T10:59:18 +0ms service=project directory=/tmp/opencode-test-j0pin37001 fromDirectory
DEBUG 2026-05-03T10:59:18 +162ms service=config path=/home/mariu/projects/opendora/.opendora loading config from OPENCODE_CONFIG_DIR
DEBUG 2026-05-03T10:59:18 +0ms service=config loading config from /home/mariu/projects/opendora/.opendora/opendora.jsonc
INFO  2026-05-03T10:59:18 +0ms service=config path=/home/mariu/projects/opendora/.opendora/opendora.jsonc loading
DEBUG 2026-05-03T10:59:18 +1ms service=config loading config from /home/mariu/projects/opendora/.opendora/opendora.json
INFO  2026-05-03T10:59:18 +0ms service=config path=/home/mariu/projects/opendora/.opendora/opendora.json loading
WARN  2026-05-03T10:59:18 +73ms service=bun pkg=@opencode-ai/plugin cachedVersion=* Failed to resolve latest version, using cached
INFO  2026-05-03T10:59:18 +123ms service=snapshot initialized
INFO  2026-05-03T10:59:18 +79ms service=snapshot hash=1f07307db27a6034daffeb80f53e69fe884a7fae
 cwd=/tmp/opencode-test-j0pin37001 git=/home/mariu/projects/opendora/.opendora/storage/snapshot/c71dbcf84fe0ebadfdd264e55d04c67a73f9f5f4 tracking
INFO  2026-05-03T10:59:18 +192ms service=snapshot hash=22bbaff75fb50236596779a0b25ad40908d7a290
 cwd=/tmp/opencode-test-j0pin37001 git=/home/mariu/projects/opendora/.opendora/storage/snapshot/c71dbcf84fe0ebadfdd264e55d04c67a73f9f5f4 tracking
INFO  2026-05-03T10:59:19 +327ms service=default directory=/tmp/opencode-test-lk4k8ir0j2s creating instance
INFO  2026-05-03T10:59:19 +0ms service=project directory=/tmp/opencode-test-lk4k8ir0j2s fromDirectory
DEBUG 2026-05-03T10:59:19 +139ms service=config path=/home/mariu/projects/opendora/.opendora loading config from OPENCODE_CONFIG_DIR
DEBUG 2026-05-03T10:59:19 +0ms service=config loading config from /home/mariu/projects/opendora/.opendora/opendora.jsonc
INFO  2026-05-03T10:59:19 +0ms service=config path=/home/mariu/projects/opendora/.opendora/opendora.jsonc loading
DEBUG 2026-05-03T10:59:19 +23ms service=config loading config from /home/mariu/projects/opendora/.opendora/opendora.json
INFO  2026-05-03T10:59:19 +1ms service=config path=/home/mariu/projects/opendora/.opendora/opendora.json loading
WARN  2026-05-03T10:59:19 +21ms service=bun pkg=@opencode-ai/plugin cachedVersion=* Failed to resolve latest version, using cached
INFO  2026-05-03T10:59:19 +301ms service=snapshot initialized
INFO  2026-05-03T10:59:19 +96ms service=snapshot hash=c9c1eeb0e47bad7c7bca2569c5154fdc477ce7ee
 cwd=/tmp/opencode-test-lk4k8ir0j2s git=/home/mariu/projects/opendora/.opendora/storage/snapshot/ee2fa8edcb83d60727756bff70bfe6c1ae76129c tracking
INFO  2026-05-03T10:59:19 +194ms service=default directory=/tmp/opencode-test-pmta8ozgcv creating instance
INFO  2026-05-03T10:59:19 +1ms service=project directory=/tmp/opencode-test-pmta8ozgcv fromDirectory
WARN  2026-05-03T10:59:20 +116ms service=bun pkg=@opencode-ai/plugin cachedVersion=* Failed to resolve latest version, using cached
DEBUG 2026-05-03T10:59:20 +3ms service=config path=/home/mariu/projects/opendora/.opendora loading config from OPENCODE_CONFIG_DIR
DEBUG 2026-05-03T10:59:20 +0ms service=config loading config from /home/mariu/projects/opendora/.opendora/opendora.jsonc
INFO  2026-05-03T10:59:20 +0ms service=config path=/home/mariu/projects/opendora/.opendora/opendora.jsonc loading
DEBUG 2026-05-03T10:59:20 +1ms service=config loading config from /home/mariu/projects/opendora/.opendora/opendora.json
INFO  2026-05-03T10:59:20 +12ms service=config path=/home/mariu/projects/opendora/.opendora/opendora.json loading
INFO  2026-05-03T10:59:20 +253ms service=snapshot initialized
INFO  2026-05-03T10:59:20 +61ms service=snapshot hash=5d252929b1e24748e10afdb17ab71c0724b288f4
 cwd=/tmp/opencode-test-pmta8ozgcv git=/home/mariu/projects/opendora/.opendora/storage/snapshot/bcd621c120b56860b3ed6d18101f5c6aa6d26e73 tracking
WARN  2026-05-03T10:59:20 +448ms service=bun pkg=@opencode-ai/plugin cachedVersion=* Failed to resolve latest version, using cached
INFO  2026-05-03T10:59:20 +108ms service=default directory=/tmp/opencode-test-crfc6z4z0t7 creating instance
INFO  2026-05-03T10:59:20 +0ms service=project directory=/tmp/opencode-test-crfc6z4z0t7 fromDirectory
DEBUG 2026-05-03T10:59:21 +154ms service=config path=/home/mariu/projects/opendora/.opendora loading config from OPENCODE_CONFIG_DIR
DEBUG 2026-05-03T10:59:21 +0ms service=config loading config from /home/mariu/projects/opendora/.opendora/opendora.jsonc
INFO  2026-05-03T10:59:21 +0ms service=config path=/home/mariu/projects/opendora/.opendora/opendora.jsonc loading
DEBUG 2026-05-03T10:59:21 +1ms service=config loading config from /home/mariu/projects/opendora/.opendora/opendora.json
INFO  2026-05-03T10:59:21 +0ms service=config path=/home/mariu/projects/opendora/.opendora/opendora.json loading
INFO  2026-05-03T10:59:21 +350ms service=snapshot initialized
INFO  2026-05-03T10:59:21 +139ms service=snapshot hash=ed9138e7cfb9fd66640770970129ab5a2478113e
 cwd=/tmp/opencode-test-crfc6z4z0t7 git=/home/mariu/projects/opendora/.opendora/storage/snapshot/7af1621960d64d485bb4f3ca89fbc334c00bc0b4 tracking
INFO  2026-05-03T10:59:21 +94ms service=default directory=/tmp/opencode-test-uxr5hpatcj creating instance
INFO  2026-05-03T10:59:21 +0ms service=project directory=/tmp/opencode-test-uxr5hpatcj fromDirectory
DEBUG 2026-05-03T10:59:21 +132ms service=config path=/home/mariu/projects/opendora/.opendora loading config from OPENCODE_CONFIG_DIR
DEBUG 2026-05-03T10:59:21 +0ms service=config loading config from /home/mariu/projects/opendora/.opendora/opendora.jsonc
INFO  2026-05-03T10:59:21 +0ms service=config path=/home/mariu/projects/opendora/.opendora/opendora.jsonc loading
DEBUG 2026-05-03T10:59:21 +35ms service=config loading config from /home/mariu/projects/opendora/.opendora/opendora.json
INFO  2026-05-03T10:59:21 +1ms service=config path=/home/mariu/projects/opendora/.opendora/opendora.json loading
WARN  2026-05-03T10:59:22 +267ms service=bun pkg=@opencode-ai/plugin cachedVersion=* Failed to resolve latest version, using cached
INFO  2026-05-03T10:59:22 +167ms service=snapshot initialized
INFO  2026-05-03T10:59:22 +120ms service=snapshot hash=4adec9a3913554c29f8fd75a9677990562cfbe37
 cwd=/tmp/opencode-test-uxr5hpatcj git=/home/mariu/projects/opendora/.opendora/storage/snapshot/8ae34364a9950d8f5828f3ceb51bdc35199cb16c tracking
INFO  2026-05-03T10:59:22 +367ms service=default directory=/tmp/opencode-test-rgfp6zt28fm creating instance
INFO  2026-05-03T10:59:22 +1ms service=project directory=/tmp/opencode-test-rgfp6zt28fm fromDirectory
DEBUG 2026-05-03T10:59:22 +76ms service=config path=/home/mariu/projects/opendora/.opendora loading config from OPENCODE_CONFIG_DIR
DEBUG 2026-05-03T10:59:22 +0ms service=config loading config from /home/mariu/projects/opendora/.opendora/opendora.jsonc
INFO  2026-05-03T10:59:22 +1ms service=config path=/home/mariu/projects/opendora/.opendora/opendora.jsonc loading
DEBUG 2026-05-03T10:59:22 +1ms service=config loading config from /home/mariu/projects/opendora/.opendora/opendora.json
INFO  2026-05-03T10:59:22 +0ms service=config path=/home/mariu/projects/opendora/.opendora/opendora.json loading
WARN  2026-05-03T10:59:22 +147ms service=bun pkg=@opencode-ai/plugin cachedVersion=* Failed to resolve latest version, using cached
INFO  2026-05-03T10:59:23 +245ms service=snapshot initialized
INFO  2026-05-03T10:59:23 +111ms service=snapshot hash=cf15493202a36d1556c64211eee970306d32c9c4
 cwd=/tmp/opencode-test-rgfp6zt28fm git=/home/mariu/projects/opendora/.opendora/storage/snapshot/95345de5c79d66329e070aa8927336f06c35ea16 tracking
INFO  2026-05-03T10:59:23 +0ms service=default directory=/tmp/opencode-test-rgfp6zt28fm-worktree creating instance
INFO  2026-05-03T10:59:23 +0ms service=project directory=/tmp/opencode-test-rgfp6zt28fm-worktree fromDirectory
DEBUG 2026-05-03T10:59:23 +179ms service=config path=/home/mariu/projects/opendora/.opendora loading config from OPENCODE_CONFIG_DIR
DEBUG 2026-05-03T10:59:23 +1ms service=config loading config from /home/mariu/projects/opendora/.opendora/opendora.jsonc
INFO  2026-05-03T10:59:23 +0ms service=config path=/home/mariu/projects/opendora/.opendora/opendora.jsonc loading
DEBUG 2026-05-03T10:59:23 +1ms service=config loading config from /home/mariu/projects/opendora/.opendora/opendora.json
INFO  2026-05-03T10:59:23 +0ms service=config path=/home/mariu/projects/opendora/.opendora/opendora.json loading
INFO  2026-05-03T10:59:23 +285ms service=snapshot hash=cf15493202a36d1556c64211eee970306d32c9c4
 cwd=/tmp/opencode-test-rgfp6zt28fm-worktree git=/home/mariu/projects/opendora/.opendora/storage/snapshot/95345de5c79d66329e070aa8927336f06c35ea16 tracking
WARN  2026-05-03T10:59:24 +414ms service=bun pkg=@opencode-ai/plugin cachedVersion=* Failed to resolve latest version, using cached
INFO  2026-05-03T10:59:24 +146ms service=default directory=/tmp/opencode-test-bayk1mydsal creating instance
INFO  2026-05-03T10:59:24 +0ms service=project directory=/tmp/opencode-test-bayk1mydsal fromDirectory
DEBUG 2026-05-03T10:59:24 +166ms service=config path=/home/mariu/projects/opendora/.opendora loading config from OPENCODE_CONFIG_DIR
DEBUG 2026-05-03T10:59:24 +0ms service=config loading config from /home/mariu/projects/opendora/.opendora/opendora.jsonc
INFO  2026-05-03T10:59:24 +1ms service=config path=/home/mariu/projects/opendora/.opendora/opendora.jsonc loading
DEBUG 2026-05-03T10:59:24 +27ms service=config loading config from /home/mariu/projects/opendora/.opendora/opendora.json
INFO  2026-05-03T10:59:24 +0ms service=config path=/home/mariu/projects/opendora/.opendora/opendora.json loading
WARN  2026-05-03T10:59:24 +149ms service=bun pkg=@opencode-ai/plugin cachedVersion=* Failed to resolve latest version, using cached
INFO  2026-05-03T10:59:24 +282ms service=snapshot initialized
INFO  2026-05-03T10:59:25 +69ms service=snapshot hash=2a687074fbbeb00355cc90ccb4dd413779797d88
 cwd=/tmp/opencode-test-bayk1mydsal git=/home/mariu/projects/opendora/.opendora/storage/snapshot/cbd27194cdf4bbd9bae04944efcb68b1960f87e9 tracking
INFO  2026-05-03T10:59:25 +5ms service=default directory=/tmp/opencode-test-bayk1mydsal-worktree creating instance
INFO  2026-05-03T10:59:25 +6ms service=project directory=/tmp/opencode-test-bayk1mydsal-worktree fromDirectory
DEBUG 2026-05-03T10:59:25 +118ms service=config path=/home/mariu/projects/opendora/.opendora loading config from OPENCODE_CONFIG_DIR
DEBUG 2026-05-03T10:59:25 +1ms service=config loading config from /home/mariu/projects/opendora/.opendora/opendora.jsonc
INFO  2026-05-03T10:59:25 +0ms service=config path=/home/mariu/projects/opendora/.opendora/opendora.jsonc loading
DEBUG 2026-05-03T10:59:25 +0ms service=config loading config from /home/mariu/projects/opendora/.opendora/opendora.json
INFO  2026-05-03T10:59:25 +0ms service=config path=/home/mariu/projects/opendora/.opendora/opendora.json loading
INFO  2026-05-03T10:59:25 +153ms service=snapshot hash=2a687074fbbeb00355cc90ccb4dd413779797d88
 cwd=/tmp/opencode-test-bayk1mydsal-worktree git=/home/mariu/projects/opendora/.opendora/storage/snapshot/cbd27194cdf4bbd9bae04944efcb68b1960f87e9 tracking
INFO  2026-05-03T10:59:25 +138ms service=snapshot file=/tmp/opencode-test-bayk1mydsal-worktree/worktree.txt hash=2a687074fbbeb00355cc90ccb4dd413779797d88 reverting
INFO  2026-05-03T10:59:25 +76ms service=snapshot file=/tmp/opencode-test-bayk1mydsal-worktree/worktree.txt file did not exist in snapshot, deleting
INFO  2026-05-03T10:59:25 +421ms service=default directory=/tmp/opencode-test-kou5r2m9ch creating instance
INFO  2026-05-03T10:59:25 +0ms service=project directory=/tmp/opencode-test-kou5r2m9ch fromDirectory
WARN  2026-05-03T10:59:25 +11ms service=bun pkg=@opencode-ai/plugin cachedVersion=* Failed to resolve latest version, using cached
DEBUG 2026-05-03T10:59:26 +164ms service=config path=/home/mariu/projects/opendora/.opendora loading config from OPENCODE_CONFIG_DIR
DEBUG 2026-05-03T10:59:26 +1ms service=config loading config from /home/mariu/projects/opendora/.opendora/opendora.jsonc
INFO  2026-05-03T10:59:26 +0ms service=config path=/home/mariu/projects/opendora/.opendora/opendora.jsonc loading
DEBUG 2026-05-03T10:59:26 +1ms service=config loading config from /home/mariu/projects/opendora/.opendora/opendora.json
INFO  2026-05-03T10:59:26 +0ms service=config path=/home/mariu/projects/opendora/.opendora/opendora.json loading
WARN  2026-05-03T10:59:26 +191ms service=bun pkg=@opencode-ai/plugin cachedVersion=* Failed to resolve latest version, using cached
INFO  2026-05-03T10:59:26 +378ms service=snapshot initialized
INFO  2026-05-03T10:59:26 +135ms service=snapshot hash=26e5e10592d87485a2b7a8b32e658e427686812b
 cwd=/tmp/opencode-test-kou5r2m9ch git=/home/mariu/projects/opendora/.opendora/storage/snapshot/53f645f2b4d17d0694cd267502185b8c0c693013 tracking
INFO  2026-05-03T10:59:26 +0ms service=default directory=/tmp/opencode-test-kou5r2m9ch-worktree creating instance
INFO  2026-05-03T10:59:26 +0ms service=project directory=/tmp/opencode-test-kou5r2m9ch-worktree fromDirectory
DEBUG 2026-05-03T10:59:27 +226ms service=config path=/home/mariu/projects/opendora/.opendora loading config from OPENCODE_CONFIG_DIR
DEBUG 2026-05-03T10:59:27 +0ms service=config loading config from /home/mariu/projects/opendora/.opendora/opendora.jsonc
INFO  2026-05-03T10:59:27 +0ms service=config path=/home/mariu/projects/opendora/.opendora/opendora.jsonc loading
DEBUG 2026-05-03T10:59:27 +1ms service=config loading config from /home/mariu/projects/opendora/.opendora/opendora.json
INFO  2026-05-03T10:59:27 +0ms service=config path=/home/mariu/projects/opendora/.opendora/opendora.json loading
INFO  2026-05-03T10:59:27 +591ms service=snapshot hash=26e5e10592d87485a2b7a8b32e658e427686812b
 cwd=/tmp/opencode-test-kou5r2m9ch-worktree git=/home/mariu/projects/opendora/.opendora/storage/snapshot/53f645f2b4d17d0694cd267502185b8c0c693013 tracking
WARN  2026-05-03T10:59:28 +357ms service=bun pkg=@opencode-ai/plugin cachedVersion=* Failed to resolve latest version, using cached
WARN  2026-05-03T10:59:28 +112ms service=bun pkg=@opencode-ai/plugin cachedVersion=* Failed to resolve latest version, using cached
INFO  2026-05-03T10:59:28 +79ms service=default directory=/tmp/opencode-test-w3pjr7cxmy creating instance
INFO  2026-05-03T10:59:28 +1ms service=project directory=/tmp/opencode-test-w3pjr7cxmy fromDirectory
DEBUG 2026-05-03T10:59:28 +149ms service=config path=/home/mariu/projects/opendora/.opendora loading config from OPENCODE_CONFIG_DIR
DEBUG 2026-05-03T10:59:28 +1ms service=config loading config from /home/mariu/projects/opendora/.opendora/opendora.jsonc
INFO  2026-05-03T10:59:28 +0ms service=config path=/home/mariu/projects/opendora/.opendora/opendora.jsonc loading
DEBUG 2026-05-03T10:59:28 +1ms service=config loading config from /home/mariu/projects/opendora/.opendora/opendora.json
INFO  2026-05-03T10:59:28 +0ms service=config path=/home/mariu/projects/opendora/.opendora/opendora.json loading
INFO  2026-05-03T10:59:28 +576ms service=snapshot initialized
INFO  2026-05-03T10:59:29 +115ms service=snapshot hash=ce4bd2859703216743dad0b90a4fe3abb71f9fab
 cwd=/tmp/opencode-test-w3pjr7cxmy git=/home/mariu/projects/opendora/.opendora/storage/snapshot/b333b71744c167761d32ec2c6ac9d145a6080fc7 tracking
INFO  2026-05-03T10:59:29 +122ms service=snapshot hash=ce4bd2859703216743dad0b90a4fe3abb71f9fab
 cwd=/tmp/opencode-test-w3pjr7cxmy git=/home/mariu/projects/opendora/.opendora/storage/snapshot/b333b71744c167761d32ec2c6ac9d145a6080fc7 tracking
INFO  2026-05-03T10:59:29 +130ms service=snapshot hash=ce4bd2859703216743dad0b90a4fe3abb71f9fab
 cwd=/tmp/opencode-test-w3pjr7cxmy git=/home/mariu/projects/opendora/.opendora/storage/snapshot/b333b71744c167761d32ec2c6ac9d145a6080fc7 tracking
INFO  2026-05-03T10:59:29 +251ms service=default directory=/tmp/opencode-test-s7i41zefrtm creating instance
INFO  2026-05-03T10:59:29 +0ms service=project directory=/tmp/opencode-test-s7i41zefrtm fromDirectory
WARN  2026-05-03T10:59:29 +47ms service=bun pkg=@opencode-ai/plugin cachedVersion=* Failed to resolve latest version, using cached
DEBUG 2026-05-03T10:59:29 +181ms service=config path=/home/mariu/projects/opendora/.opendora loading config from OPENCODE_CONFIG_DIR
DEBUG 2026-05-03T10:59:29 +1ms service=config loading config from /home/mariu/projects/opendora/.opendora/opendora.jsonc
INFO  2026-05-03T10:59:29 +0ms service=config path=/home/mariu/projects/opendora/.opendora/opendora.jsonc loading
DEBUG 2026-05-03T10:59:29 +36ms service=config loading config from /home/mariu/projects/opendora/.opendora/opendora.json
INFO  2026-05-03T10:59:29 +0ms service=config path=/home/mariu/projects/opendora/.opendora/opendora.json loading
INFO  2026-05-03T10:59:30 +408ms service=snapshot initialized
WARN  2026-05-03T10:59:30 +30ms service=bun pkg=@opencode-ai/plugin cachedVersion=* Failed to resolve latest version, using cached
INFO  2026-05-03T10:59:30 +66ms service=snapshot hash=fb2d0f4960c28c170e218263cc2848f51ec087e3
 cwd=/tmp/opencode-test-s7i41zefrtm git=/home/mariu/projects/opendora/.opendora/storage/snapshot/e470aa6cf576027f0980b6229a605794a31635ba tracking
INFO  2026-05-03T10:59:30 +361ms service=default directory=/tmp/opencode-test-xgxflgfh43 creating instance
INFO  2026-05-03T10:59:30 +0ms service=project directory=/tmp/opencode-test-xgxflgfh43 fromDirectory
DEBUG 2026-05-03T10:59:30 +113ms service=config path=/home/mariu/projects/opendora/.opendora loading config from OPENCODE_CONFIG_DIR
DEBUG 2026-05-03T10:59:30 +0ms service=config loading config from /home/mariu/projects/opendora/.opendora/opendora.jsonc
INFO  2026-05-03T10:59:30 +0ms service=config path=/home/mariu/projects/opendora/.opendora/opendora.jsonc loading
DEBUG 2026-05-03T10:59:30 +1ms service=config loading config from /home/mariu/projects/opendora/.opendora/opendora.json
INFO  2026-05-03T10:59:30 +0ms service=config path=/home/mariu/projects/opendora/.opendora/opendora.json loading
INFO  2026-05-03T10:59:31 +350ms service=snapshot initialized
INFO  2026-05-03T10:59:31 +77ms service=snapshot hash=030b22b21ca58b07c1744c4a984dc4dc24a7fc73
 cwd=/tmp/opencode-test-xgxflgfh43 git=/home/mariu/projects/opendora/.opendora/storage/snapshot/46a60557241e3dc125384d9efeda1acfbfbea026 tracking
INFO  2026-05-03T10:59:31 +36ms service=snapshot commit=030b22b21ca58b07c1744c4a984dc4dc24a7fc73 restore
INFO  2026-05-03T10:59:31 +233ms service=default directory=/tmp/opencode-test-0uduwpctdgij creating instance
INFO  2026-05-03T10:59:31 +0ms service=project directory=/tmp/opencode-test-0uduwpctdgij fromDirectory
DEBUG 2026-05-03T10:59:31 +130ms service=config path=/home/mariu/projects/opendora/.opendora loading config from OPENCODE_CONFIG_DIR
DEBUG 2026-05-03T10:59:31 +0ms service=config loading config from /home/mariu/projects/opendora/.opendora/opendora.jsonc
INFO  2026-05-03T10:59:31 +0ms service=config path=/home/mariu/projects/opendora/.opendora/opendora.jsonc loading
DEBUG 2026-05-03T10:59:31 +13ms service=config loading config from /home/mariu/projects/opendora/.opendora/opendora.json
INFO  2026-05-03T10:59:31 +0ms service=config path=/home/mariu/projects/opendora/.opendora/opendora.json loading
INFO  2026-05-03T10:59:31 +261ms service=snapshot initialized
WARN  2026-05-03T10:59:31 +6ms service=bun pkg=@opencode-ai/plugin cachedVersion=* Failed to resolve latest version, using cached
INFO  2026-05-03T10:59:31 +84ms service=snapshot hash=9523b912ebd4686545fe1d1ef7b848361cd3d1b2
 cwd=/tmp/opencode-test-0uduwpctdgij git=/home/mariu/projects/opendora/.opendora/storage/snapshot/30a8837a2f2ffd1ee077086639a3e7e42772afe0 tracking
INFO  2026-05-03T10:59:32 +65ms service=snapshot hash=944c9c8541c3a2dedff73f87774ac370cd10d94c
 cwd=/tmp/opencode-test-0uduwpctdgij git=/home/mariu/projects/opendora/.opendora/storage/snapshot/30a8837a2f2ffd1ee077086639a3e7e42772afe0 tracking
INFO  2026-05-03T10:59:32 +61ms service=snapshot file=/tmp/opencode-test-0uduwpctdgij/a.txt hash=944c9c8541c3a2dedff73f87774ac370cd10d94c reverting
INFO  2026-05-03T10:59:32 +33ms service=snapshot file=/tmp/opencode-test-0uduwpctdgij/a.txt file did not exist in snapshot, deleting
INFO  2026-05-03T10:59:32 +146ms service=default directory=/tmp/opencode-test-sskvm3a7bt creating instance
INFO  2026-05-03T10:59:32 +0ms service=project directory=/tmp/opencode-test-sskvm3a7bt fromDirectory
DEBUG 2026-05-03T10:59:32 +113ms service=config path=/home/mariu/projects/opendora/.opendora loading config from OPENCODE_CONFIG_DIR
DEBUG 2026-05-03T10:59:32 +0ms service=config loading config from /home/mariu/projects/opendora/.opendora/opendora.jsonc
INFO  2026-05-03T10:59:32 +0ms service=config path=/home/mariu/projects/opendora/.opendora/opendora.jsonc loading
DEBUG 2026-05-03T10:59:32 +16ms service=config loading config from /home/mariu/projects/opendora/.opendora/opendora.json
INFO  2026-05-03T10:59:32 +0ms service=config path=/home/mariu/projects/opendora/.opendora/opendora.json loading
WARN  2026-05-03T10:59:32 +75ms service=bun pkg=@opencode-ai/plugin cachedVersion=* Failed to resolve latest version, using cached
INFO  2026-05-03T10:59:32 +211ms service=snapshot initialized
INFO  2026-05-03T10:59:32 +80ms service=snapshot hash=82bd5925a8360b99cda15fe1cb8814204a729bbb
 cwd=/tmp/opencode-test-sskvm3a7bt git=/home/mariu/projects/opendora/.opendora/storage/snapshot/ba4e6f3a3caf2009a0065b628486ff4136a3face tracking
INFO  2026-05-03T10:59:32 +118ms service=snapshot file=/tmp/opencode-test-sskvm3a7bt/existing.txt hash=82bd5925a8360b99cda15fe1cb8814204a729bbb reverting
INFO  2026-05-03T10:59:32 +16ms service=snapshot file=/tmp/opencode-test-sskvm3a7bt/newfile.txt hash=82bd5925a8360b99cda15fe1cb8814204a729bbb reverting
INFO  2026-05-03T10:59:33 +143ms service=snapshot file=/tmp/opencode-test-sskvm3a7bt/newfile.txt file did not exist in snapshot, deleting
INFO  2026-05-03T10:59:33 +257ms service=default directory=/tmp/opencode-test-skl1s41bai creating instance
INFO  2026-05-03T10:59:33 +0ms service=project directory=/tmp/opencode-test-skl1s41bai fromDirectory
DEBUG 2026-05-03T10:59:33 +120ms service=config path=/home/mariu/projects/opendora/.opendora loading config from OPENCODE_CONFIG_DIR
DEBUG 2026-05-03T10:59:33 +1ms service=config loading config from /home/mariu/projects/opendora/.opendora/opendora.jsonc
INFO  2026-05-03T10:59:33 +0ms service=config path=/home/mariu/projects/opendora/.opendora/opendora.jsonc loading
DEBUG 2026-05-03T10:59:33 +1ms service=config loading config from /home/mariu/projects/opendora/.opendora/opendora.json
INFO  2026-05-03T10:59:33 +0ms service=config path=/home/mariu/projects/opendora/.opendora/opendora.json loading
WARN  2026-05-03T10:59:33 +204ms service=bun pkg=@opencode-ai/plugin cachedVersion=* Failed to resolve latest version, using cached
INFO  2026-05-03T10:59:33 +30ms service=snapshot initialized
INFO  2026-05-03T10:59:33 +94ms service=snapshot hash=b8cd8f3385102bbd80e526356303abc66221642a
 cwd=/tmp/opencode-test-skl1s41bai git=/home/mariu/projects/opendora/.opendora/storage/snapshot/c424a32b0d097d0de69fd2510fbfc5debaa3e7bb tracking
INFO  2026-05-03T10:59:33 +108ms service=snapshot hash=4315724f0efa6e3238516094f777efe2f28bdd06
 cwd=/tmp/opencode-test-skl1s41bai git=/home/mariu/projects/opendora/.opendora/storage/snapshot/c424a32b0d097d0de69fd2510fbfc5debaa3e7bb tracking
INFO  2026-05-03T10:59:34 +390ms service=default directory=/tmp/opencode-test-6vyt9r5yc66 creating instance
INFO  2026-05-03T10:59:34 +0ms service=project directory=/tmp/opencode-test-6vyt9r5yc66 fromDirectory
DEBUG 2026-05-03T10:59:34 +87ms service=config path=/home/mariu/projects/opendora/.opendora loading config from OPENCODE_CONFIG_DIR
DEBUG 2026-05-03T10:59:34 +0ms service=config loading config from /home/mariu/projects/opendora/.opendora/opendora.jsonc
INFO  2026-05-03T10:59:34 +0ms service=config path=/home/mariu/projects/opendora/.opendora/opendora.jsonc loading
DEBUG 2026-05-03T10:59:34 +0ms service=config loading config from /home/mariu/projects/opendora/.opendora/opendora.json
INFO  2026-05-03T10:59:34 +0ms service=config path=/home/mariu/projects/opendora/.opendora/opendora.json loading
WARN  2026-05-03T10:59:34 +17ms service=bun pkg=@opencode-ai/plugin cachedVersion=* Failed to resolve latest version, using cached
INFO  2026-05-03T10:59:34 +230ms service=snapshot initialized
INFO  2026-05-03T10:59:34 +81ms service=snapshot hash=4606cb7b89acff1a7364823d35ade2fcf328e386
 cwd=/tmp/opencode-test-6vyt9r5yc66 git=/home/mariu/projects/opendora/.opendora/storage/snapshot/e38b710c4dc2792710ddece33dd8dd038910f886 tracking
INFO  2026-05-03T10:59:34 +75ms service=snapshot hash=bef0c31b826a35bb3828d1712528488d4e2ef50c
 cwd=/tmp/opencode-test-6vyt9r5yc66 git=/home/mariu/projects/opendora/.opendora/storage/snapshot/e38b710c4dc2792710ddece33dd8dd038910f886 tracking
WARN  2026-05-03T10:59:34 +53ms service=bun pkg=@opencode-ai/plugin cachedVersion=* Failed to resolve latest version, using cached
INFO  2026-05-03T10:59:34 +114ms service=default directory=/tmp/opencode-test-kl02g84qj3c creating instance
INFO  2026-05-03T10:59:34 +1ms service=project directory=/tmp/opencode-test-kl02g84qj3c fromDirectory
DEBUG 2026-05-03T10:59:34 +75ms service=config path=/home/mariu/projects/opendora/.opendora loading config from OPENCODE_CONFIG_DIR
DEBUG 2026-05-03T10:59:34 +0ms service=config loading config from /home/mariu/projects/opendora/.opendora/opendora.jsonc
INFO  2026-05-03T10:59:34 +0ms service=config path=/home/mariu/projects/opendora/.opendora/opendora.jsonc loading
DEBUG 2026-05-03T10:59:34 +2ms service=config loading config from /home/mariu/projects/opendora/.opendora/opendora.json
INFO  2026-05-03T10:59:35 +18ms service=config path=/home/mariu/projects/opendora/.opendora/opendora.json loading
INFO  2026-05-03T10:59:35 +210ms service=snapshot initialized
INFO  2026-05-03T10:59:35 +46ms service=snapshot hash=d63ca15150d2ed08f21280d6001f0a9e0d82ca8a
 cwd=/tmp/opencode-test-kl02g84qj3c git=/home/mariu/projects/opendora/.opendora/storage/snapshot/75dbc5f1f14a783a0a011ed9c63c01c8047fd508 tracking
INFO  2026-05-03T10:59:35 +74ms service=snapshot hash=931f05534b230275018cf8234662e65e6ec6a6dc
 cwd=/tmp/opencode-test-kl02g84qj3c git=/home/mariu/projects/opendora/.opendora/storage/snapshot/75dbc5f1f14a783a0a011ed9c63c01c8047fd508 tracking
INFO  2026-05-03T10:59:35 +164ms service=default directory=/tmp/opencode-test-vslyofeq1z creating instance
INFO  2026-05-03T10:59:35 +0ms service=project directory=/tmp/opencode-test-vslyofeq1z fromDirectory
WARN  2026-05-03T10:59:35 +37ms service=bun pkg=@opencode-ai/plugin cachedVersion=* Failed to resolve latest version, using cached
DEBUG 2026-05-03T10:59:35 +33ms service=config path=/home/mariu/projects/opendora/.opendora loading config from OPENCODE_CONFIG_DIR
DEBUG 2026-05-03T10:59:35 +0ms service=config loading config from /home/mariu/projects/opendora/.opendora/opendora.jsonc
INFO  2026-05-03T10:59:35 +0ms service=config path=/home/mariu/projects/opendora/.opendora/opendora.jsonc loading
DEBUG 2026-05-03T10:59:35 +0ms service=config loading config from /home/mariu/projects/opendora/.opendora/opendora.json
INFO  2026-05-03T10:59:35 +0ms service=config path=/home/mariu/projects/opendora/.opendora/opendora.json loading
INFO  2026-05-03T10:59:35 +206ms service=snapshot initialized
INFO  2026-05-03T10:59:35 +49ms service=snapshot hash=6f206c8b77284002d079287fdb0878d8a1e005a7
 cwd=/tmp/opencode-test-vslyofeq1z git=/home/mariu/projects/opendora/.opendora/storage/snapshot/c30715ef3bf0dd001d1fc058e4a959a2dd93d162 tracking
INFO  2026-05-03T10:59:35 +45ms service=snapshot hash=38b8b0fdd415801e73fbebf68dd1cbd0060b2835
 cwd=/tmp/opencode-test-vslyofeq1z git=/home/mariu/projects/opendora/.opendora/storage/snapshot/c30715ef3bf0dd001d1fc058e4a959a2dd93d162 tracking
INFO  2026-05-03T10:59:36 +203ms service=default directory=/tmp/opencode-test-wbbpnmy2777 creating instance
INFO  2026-05-03T10:59:36 +1ms service=project directory=/tmp/opencode-test-wbbpnmy2777 fromDirectory
WARN  2026-05-03T10:59:36 +36ms service=bun pkg=@opencode-ai/plugin cachedVersion=* Failed to resolve latest version, using cached
DEBUG 2026-05-03T10:59:36 +44ms service=config path=/home/mariu/projects/opendora/.opendora loading config from OPENCODE_CONFIG_DIR
DEBUG 2026-05-03T10:59:36 +0ms service=config loading config from /home/mariu/projects/opendora/.opendora/opendora.jsonc
INFO  2026-05-03T10:59:36 +0ms service=config path=/home/mariu/projects/opendora/.opendora/opendora.jsonc loading
DEBUG 2026-05-03T10:59:36 +1ms service=config loading config from /home/mariu/projects/opendora/.opendora/opendora.json
INFO  2026-05-03T10:59:36 +0ms service=config path=/home/mariu/projects/opendora/.opendora/opendora.json loading
INFO  2026-05-03T10:59:36 +189ms service=snapshot initialized
INFO  2026-05-03T10:59:36 +47ms service=snapshot hash=04b731ddd767e5cb84982979e9aa5ac8bdfa2582
 cwd=/tmp/opencode-test-wbbpnmy2777 git=/home/mariu/projects/opendora/.opendora/storage/snapshot/607945ea2b037c0939088745ef42946d30ed0003 tracking
INFO  2026-05-03T10:59:36 +51ms service=snapshot hash=c2e405600d3bf71c1f14a6ebeecc109d916bfa8c
 cwd=/tmp/opencode-test-wbbpnmy2777 git=/home/mariu/projects/opendora/.opendora/storage/snapshot/607945ea2b037c0939088745ef42946d30ed0003 tracking
INFO  2026-05-03T10:59:36 +196ms service=default directory=/tmp/opencode-test-ttjhcwrocun creating instance
INFO  2026-05-03T10:59:36 +0ms service=project directory=/tmp/opencode-test-ttjhcwrocun fromDirectory
DEBUG 2026-05-03T10:59:36 +89ms service=config path=/home/mariu/projects/opendora/.opendora loading config from OPENCODE_CONFIG_DIR
DEBUG 2026-05-03T10:59:36 +1ms service=config loading config from /home/mariu/projects/opendora/.opendora/opendora.jsonc
INFO  2026-05-03T10:59:36 +0ms service=config path=/home/mariu/projects/opendora/.opendora/opendora.jsonc loading
DEBUG 2026-05-03T10:59:36 +0ms service=config loading config from /home/mariu/projects/opendora/.opendora/opendora.json
INFO  2026-05-03T10:59:36 +0ms service=config path=/home/mariu/projects/opendora/.opendora/opendora.json loading
INFO  2026-05-03T10:59:36 +187ms service=snapshot initialized
INFO  2026-05-03T10:59:36 +44ms service=snapshot hash=e71b6bc796a642b6ad4bca4634c08400bcf6dbfb
 cwd=/tmp/opencode-test-ttjhcwrocun git=/home/mariu/projects/opendora/.opendora/storage/snapshot/16a7eb204bd3fcf6112605da20aef9c1234c0045 tracking
WARN  2026-05-03T10:59:36 +32ms service=bun pkg=@opencode-ai/plugin cachedVersion=* Failed to resolve latest version, using cached
INFO  2026-05-03T10:59:37 +16ms service=snapshot hash=25a49f5947a3d66330bfaa9311f26c1c9cdbd8cc
 cwd=/tmp/opencode-test-ttjhcwrocun git=/home/mariu/projects/opendora/.opendora/storage/snapshot/16a7eb204bd3fcf6112605da20aef9c1234c0045 tracking
INFO  2026-05-03T10:59:37 +216ms service=default directory=/tmp/opencode-test-ofj7pgvclvk creating instance
INFO  2026-05-03T10:59:37 +0ms service=project directory=/tmp/opencode-test-ofj7pgvclvk fromDirectory
DEBUG 2026-05-03T10:59:37 +75ms service=config path=/home/mariu/projects/opendora/.opendora loading config from OPENCODE_CONFIG_DIR
DEBUG 2026-05-03T10:59:37 +0ms service=config loading config from /home/mariu/projects/opendora/.opendora/opendora.jsonc
INFO  2026-05-03T10:59:37 +0ms service=config path=/home/mariu/projects/opendora/.opendora/opendora.jsonc loading
DEBUG 2026-05-03T10:59:37 +13ms service=config loading config from /home/mariu/projects/opendora/.opendora/opendora.json
INFO  2026-05-03T10:59:37 +1ms service=config path=/home/mariu/projects/opendora/.opendora/opendora.json loading
WARN  2026-05-03T10:59:37 +138ms service=bun pkg=@opencode-ai/plugin cachedVersion=* Failed to resolve latest version, using cached
INFO  2026-05-03T10:59:37 +101ms service=snapshot initialized
INFO  2026-05-03T10:59:37 +53ms service=snapshot hash=576467888ebb7174d5bb429f20bbdb1032c72380
 cwd=/tmp/opencode-test-ofj7pgvclvk git=/home/mariu/projects/opendora/.opendora/storage/snapshot/21ca76f44fadfc317a1de506adfdc91e57d48655 tracking
INFO  2026-05-03T10:59:37 +112ms service=snapshot hash=bc7fa092db498c7641faa87fe7e63a8b2e3a2e90
 cwd=/tmp/opencode-test-ofj7pgvclvk git=/home/mariu/projects/opendora/.opendora/storage/snapshot/21ca76f44fadfc317a1de506adfdc91e57d48655 tracking
INFO  2026-05-03T10:59:37 +253ms service=default directory=/tmp/opencode-test-64d3vp9r6xb creating instance
INFO  2026-05-03T10:59:37 +0ms service=project directory=/tmp/opencode-test-64d3vp9r6xb fromDirectory
DEBUG 2026-05-03T10:59:38 +72ms service=config path=/home/mariu/projects/opendora/.opendora loading config from OPENCODE_CONFIG_DIR
DEBUG 2026-05-03T10:59:38 +0ms service=config loading config from /home/mariu/projects/opendora/.opendora/opendora.jsonc
INFO  2026-05-03T10:59:38 +0ms service=config path=/home/mariu/projects/opendora/.opendora/opendora.jsonc loading
WARN  2026-05-03T10:59:38 +1ms service=bun pkg=@opencode-ai/plugin cachedVersion=* Failed to resolve latest version, using cached
DEBUG 2026-05-03T10:59:38 +0ms service=config loading config from /home/mariu/projects/opendora/.opendora/opendora.json
INFO  2026-05-03T10:59:38 +12ms service=config path=/home/mariu/projects/opendora/.opendora/opendora.json loading
INFO  2026-05-03T10:59:38 +176ms service=snapshot initialized
INFO  2026-05-03T10:59:38 +42ms service=snapshot hash=7f96a2b66ccbf8a87670903d5e5bbcd245bafe56
 cwd=/tmp/opencode-test-64d3vp9r6xb git=/home/mariu/projects/opendora/.opendora/storage/snapshot/ed535a91fa462df47a58d45fbbec0f2efcde0c6c tracking
INFO  2026-05-03T10:59:38 +44ms service=snapshot hash=7f96a2b66ccbf8a87670903d5e5bbcd245bafe56
 cwd=/tmp/opencode-test-64d3vp9r6xb git=/home/mariu/projects/opendora/.opendora/storage/snapshot/ed535a91fa462df47a58d45fbbec0f2efcde0c6c tracking
WARN  2026-05-03T10:59:38 +138ms service=bun pkg=@opencode-ai/plugin cachedVersion=* Failed to resolve latest version, using cached
INFO  2026-05-03T10:59:38 +12ms service=default directory=/tmp/opencode-test-c97c8l7bwjp creating instance
INFO  2026-05-03T10:59:38 +0ms service=project directory=/tmp/opencode-test-c97c8l7bwjp fromDirectory
DEBUG 2026-05-03T10:59:38 +84ms service=config path=/home/mariu/projects/opendora/.opendora loading config from OPENCODE_CONFIG_DIR
DEBUG 2026-05-03T10:59:38 +1ms service=config loading config from /home/mariu/projects/opendora/.opendora/opendora.jsonc
INFO  2026-05-03T10:59:38 +0ms service=config path=/home/mariu/projects/opendora/.opendora/opendora.jsonc loading
DEBUG 2026-05-03T10:59:38 +0ms service=config loading config from /home/mariu/projects/opendora/.opendora/opendora.json
INFO  2026-05-03T10:59:38 +0ms service=config path=/home/mariu/projects/opendora/.opendora/opendora.json loading
INFO  2026-05-03T10:59:38 +175ms service=snapshot initialized
INFO  2026-05-03T10:59:38 +46ms service=snapshot hash=4fe67ac5c3d7a7344209131101b900b1d9a54e2a
 cwd=/tmp/opencode-test-c97c8l7bwjp git=/home/mariu/projects/opendora/.opendora/storage/snapshot/5be0127e9402fb1d657c88349130fb93adfcb7a9 tracking
INFO  2026-05-03T10:59:38 +55ms service=snapshot hash=d0b6b45fd39273bec929bda4cee04b103de6476d
 cwd=/tmp/opencode-test-c97c8l7bwjp git=/home/mariu/projects/opendora/.opendora/storage/snapshot/5be0127e9402fb1d657c88349130fb93adfcb7a9 tracking
WARN  2026-05-03T10:59:38 +96ms service=bun pkg=@opencode-ai/plugin cachedVersion=* Failed to resolve latest version, using cached
INFO  2026-05-03T10:59:38 +51ms service=default directory=/tmp/opencode-test-vh6hjztf7a creating instance
INFO  2026-05-03T10:59:38 +0ms service=project directory=/tmp/opencode-test-vh6hjztf7a fromDirectory
DEBUG 2026-05-03T10:59:39 +68ms service=config path=/home/mariu/projects/opendora/.opendora loading config from OPENCODE_CONFIG_DIR
DEBUG 2026-05-03T10:59:39 +1ms service=config loading config from /home/mariu/projects/opendora/.opendora/opendora.jsonc
INFO  2026-05-03T10:59:39 +0ms service=config path=/home/mariu/projects/opendora/.opendora/opendora.jsonc loading
DEBUG 2026-05-03T10:59:39 +0ms service=config loading config from /home/mariu/projects/opendora/.opendora/opendora.json
INFO  2026-05-03T10:59:39 +0ms service=config path=/home/mariu/projects/opendora/.opendora/opendora.json loading
INFO  2026-05-03T10:59:39 +146ms service=snapshot initialized
INFO  2026-05-03T10:59:39 +50ms service=snapshot hash=a1549f471d0775fb2b7e374a62ae40e80879f4b0
 cwd=/tmp/opencode-test-vh6hjztf7a git=/home/mariu/projects/opendora/.opendora/storage/snapshot/cd041c80cc08cafb578936465d9930cef788c8f6 tracking
INFO  2026-05-03T10:59:39 +53ms service=snapshot hash=ef80afded23f0c19485cbb086e30e8cc6f42306d
 cwd=/tmp/opencode-test-vh6hjztf7a git=/home/mariu/projects/opendora/.opendora/storage/snapshot/cd041c80cc08cafb578936465d9930cef788c8f6 tracking
